<?xml version="1.0" encoding="UTF-8" ?>
<Banners>
<Banner>
  <id>877705</id>
  <BannerPath>fanart/original/84947-12.jpg</BannerPath>
  <BannerType>fanart</BannerType>
  <BannerType2>1920x1080</BannerType2>
  <Colors>|235,155,104|5,3,6|149,149,147|</Colors>
  <Language>en</Language>
  <Rating>8.5789</Rating>
  <RatingCount>19</RatingCount>
  <SeriesName>false</SeriesName>
  <ThumbnailPath>_cache/fanart/original/84947-12.jpg</ThumbnailPath>
  <VignettePath>fanart/vignette/84947-12.jpg</VignettePath>
</Banner>
<Banner>
  <id>630891</id>
  <BannerPath>fanart/original/84947-8.jpg</BannerPath>
  <BannerType>fanart</BannerType>
  <BannerType2>1920x1080</BannerType2>
  <Colors></Colors>
  <Language>en</Language>
  <Rating>7.1111</Rating>
  <RatingCount>9</RatingCount>
  <SeriesName>true</SeriesName>
  <ThumbnailPath>_cache/fanart/original/84947-8.jpg</ThumbnailPath>
  <VignettePath>fanart/vignette/84947-8.jpg</VignettePath>
</Banner>
<Banner>
  <id>975756</id>
  <BannerPath>fanart/original/84947-14.jpg</BannerPath>
  <BannerType>fanart</BannerType>
  <BannerType2>1280x720</BannerType2>
  <Colors></Colors>
  <Language>en</Language>
  <Rating>7.0000</Rating>
  <RatingCount>2</RatingCount>
  <SeriesName>false</SeriesName>
  <ThumbnailPath>_cache/fanart/original/84947-14.jpg</ThumbnailPath>
  <VignettePath>fanart/vignette/84947-14.jpg</VignettePath>
</Banner>
<Banner>
  <id>871960</id>
  <BannerPath>fanart/original/84947-10.jpg</BannerPath>
  <BannerType>fanart</BannerType>
  <BannerType2>1920x1080</BannerType2>
  <Colors></Colors>
  <Language>pl</Language>
  <Rating>7.0000</Rating>
  <RatingCount>2</RatingCount>
  <SeriesName>false</SeriesName>
  <ThumbnailPath>_cache/fanart/original/84947-10.jpg</ThumbnailPath>
  <VignettePath>fanart/vignette/84947-10.jpg</VignettePath>
</Banner>
<Banner>
  <id>564391</id>
  <BannerPath>fanart/original/84947-5.jpg</BannerPath>
  <BannerType>fanart</BannerType>
  <BannerType2>1920x1080</BannerType2>
  <Colors>|238,199,120|32,9,1|191,107,37|</Colors>
  <Language>en</Language>
  <Rating>6.9333</Rating>
  <RatingCount>15</RatingCount>
  <SeriesName>false</SeriesName>
  <ThumbnailPath>_cache/fanart/original/84947-5.jpg</ThumbnailPath>
  <VignettePath>fanart/vignette/84947-5.jpg</VignettePath>
</Banner>
<Banner>
  <id>615011</id>
  <BannerPath>fanart/original/84947-6.jpg</BannerPath>
  <BannerType>fanart</BannerType>
  <BannerType2>1920x1080</BannerType2>
  <Colors>|11,33,46|0,21,15|245,242,237|</Colors>
  <Language>en</Language>
  <Rating>6.7500</Rating>
  <RatingCount>8</RatingCount>
  <SeriesName>false</SeriesName>
  <ThumbnailPath>_cache/fanart/original/84947-6.jpg</ThumbnailPath>
  <VignettePath>fanart/vignette/84947-6.jpg</VignettePath>
</Banner>
<Banner>
  <id>564371</id>
  <BannerPath>fanart/original/84947-3.jpg</BannerPath>
  <BannerType>fanart</BannerType>
  <BannerType2>1920x1080</BannerType2>
  <Colors>|141,0,16|38,29,24|203,143,115|</Colors>
  <Language>en</Language>
  <Rating>6.7500</Rating>
  <RatingCount>8</RatingCount>
  <SeriesName>false</SeriesName>
  <ThumbnailPath>_cache/fanart/original/84947-3.jpg</ThumbnailPath>
  <VignettePath>fanart/vignette/84947-3.jpg</VignettePath>
</Banner>
<Banner>
  <id>630881</id>
  <BannerPath>fanart/original/84947-7.jpg</BannerPath>
  <BannerType>fanart</BannerType>
  <BannerType2>1920x1080</BannerType2>
  <Colors>|117,126,121|87,78,69|152,153,147|</Colors>
  <Language>en</Language>
  <Rating>6.6000</Rating>
  <RatingCount>5</RatingCount>
  <SeriesName>true</SeriesName>
  <ThumbnailPath>_cache/fanart/original/84947-7.jpg</ThumbnailPath>
  <VignettePath>fanart/vignette/84947-7.jpg</VignettePath>
</Banner>
<Banner>
  <id>932719</id>
  <BannerPath>fanart/original/84947-13.jpg</BannerPath>
  <BannerType>fanart</BannerType>
  <BannerType2>1920x1080</BannerType2>
  <Colors></Colors>
  <Language>en</Language>
  <Rating>5.3333</Rating>
  <RatingCount>3</RatingCount>
  <SeriesName>false</SeriesName>
  <ThumbnailPath>_cache/fanart/original/84947-13.jpg</ThumbnailPath>
  <VignettePath>fanart/vignette/84947-13.jpg</VignettePath>
</Banner>
<Banner>
  <id>564381</id>
  <BannerPath>fanart/original/84947-4.jpg</BannerPath>
  <BannerType>fanart</BannerType>
  <BannerType2>1920x1080</BannerType2>
  <Colors>|171,126,93|220,170,171|65,52,7|</Colors>
  <Language>en</Language>
  <Rating>5.0000</Rating>
  <RatingCount>2</RatingCount>
  <SeriesName>false</SeriesName>
  <ThumbnailPath>_cache/fanart/original/84947-4.jpg</ThumbnailPath>
  <VignettePath>fanart/vignette/84947-4.jpg</VignettePath>
</Banner>
<Banner>
  <id>564361</id>
  <BannerPath>fanart/original/84947-2.jpg</BannerPath>
  <BannerType>fanart</BannerType>
  <BannerType2>1280x720</BannerType2>
  <Colors></Colors>
  <Language>en</Language>
  <Rating>3.3333</Rating>
  <RatingCount>3</RatingCount>
  <SeriesName>true</SeriesName>
  <ThumbnailPath>_cache/fanart/original/84947-2.jpg</ThumbnailPath>
  <VignettePath>fanart/vignette/84947-2.jpg</VignettePath>
</Banner>
<Banner>
  <id>295311</id>
  <BannerPath>fanart/original/84947-1.jpg</BannerPath>
  <BannerType>fanart</BannerType>
  <BannerType2>1280x720</BannerType2>
  <Colors>|1,1,1|1,1,1|255,241,182|</Colors>
  <Language>en</Language>
  <Rating>3.0000</Rating>
  <RatingCount>3</RatingCount>
  <SeriesName>false</SeriesName>
  <ThumbnailPath>_cache/fanart/original/84947-1.jpg</ThumbnailPath>
  <VignettePath>fanart/vignette/84947-1.jpg</VignettePath>
</Banner>
<Banner>
  <id>806381</id>
  <BannerPath>fanart/original/84947-9.jpg</BannerPath>
  <BannerType>fanart</BannerType>
  <BannerType2>1280x720</BannerType2>
  <Colors></Colors>
  <Language>en</Language>
  <Rating>2.5000</Rating>
  <RatingCount>2</RatingCount>
  <SeriesName>false</SeriesName>
  <ThumbnailPath>_cache/fanart/original/84947-9.jpg</ThumbnailPath>
  <VignettePath>fanart/vignette/84947-9.jpg</VignettePath>
</Banner>
<Banner>
  <id>876219</id>
  <BannerPath>fanart/original/84947-11.jpg</BannerPath>
  <BannerType>fanart</BannerType>
  <BannerType2>1280x720</BannerType2>
  <Colors></Colors>
  <Language>de</Language>
  <Rating>2.0000</Rating>
  <RatingCount>2</RatingCount>
  <SeriesName>false</SeriesName>
  <ThumbnailPath>_cache/fanart/original/84947-11.jpg</ThumbnailPath>
  <VignettePath>fanart/vignette/84947-11.jpg</VignettePath>
</Banner>
<Banner>
  <id>618771</id>
  <BannerPath>posters/84947-4.jpg</BannerPath>
  <BannerType>poster</BannerType>
  <BannerType2>680x1000</BannerType2>
  <Language>en</Language>
  <Rating>7.7895</Rating>
  <RatingCount>19</RatingCount>
</Banner>
<Banner>
  <id>920447</id>
  <BannerPath>posters/84947-10.jpg</BannerPath>
  <BannerType>poster</BannerType>
  <BannerType2>680x1000</BannerType2>
  <Language>en</Language>
  <Rating>7.2500</Rating>
  <RatingCount>12</RatingCount>
</Banner>
<Banner>
  <id>616091</id>
  <BannerPath>posters/84947-3.jpg</BannerPath>
  <BannerType>poster</BannerType>
  <BannerType2>680x1000</BannerType2>
  <Language>en</Language>
  <Rating>7.1667</Rating>
  <RatingCount>6</RatingCount>
</Banner>
<Banner>
  <id>614431</id>
  <BannerPath>posters/84947-2.jpg</BannerPath>
  <BannerType>poster</BannerType>
  <BannerType2>680x1000</BannerType2>
  <Language>en</Language>
  <Rating>6.5000</Rating>
  <RatingCount>6</RatingCount>
</Banner>
<Banner>
  <id>880270</id>
  <BannerPath>posters/84947-6.jpg</BannerPath>
  <BannerType>poster</BannerType>
  <BannerType2>680x1000</BannerType2>
  <Language>en</Language>
  <Rating>6.0000</Rating>
  <RatingCount>1</RatingCount>
</Banner>
<Banner>
  <id>899365</id>
  <BannerPath>posters/84947-7.jpg</BannerPath>
  <BannerType>poster</BannerType>
  <BannerType2>680x1000</BannerType2>
  <Language>en</Language>
  <Rating>5.2500</Rating>
  <RatingCount>4</RatingCount>
</Banner>
<Banner>
  <id>924634</id>
  <BannerPath>posters/84947-11.jpg</BannerPath>
  <BannerType>poster</BannerType>
  <BannerType2>680x1000</BannerType2>
  <Language>en</Language>
  <Rating>5.0000</Rating>
  <RatingCount>1</RatingCount>
</Banner>
<Banner>
  <id>908544</id>
  <BannerPath>posters/84947-8.jpg</BannerPath>
  <BannerType>poster</BannerType>
  <BannerType2>680x1000</BannerType2>
  <Language>en</Language>
  <Rating>4.0000</Rating>
  <RatingCount>1</RatingCount>
</Banner>
<Banner>
  <id>917430</id>
  <BannerPath>posters/84947-9.jpg</BannerPath>
  <BannerType>poster</BannerType>
  <BannerType2>680x1000</BannerType2>
  <Language>en</Language>
  <Rating>4.0000</Rating>
  <RatingCount>1</RatingCount>
</Banner>
<Banner>
  <id>702831</id>
  <BannerPath>posters/84947-5.jpg</BannerPath>
  <BannerType>poster</BannerType>
  <BannerType2>680x1000</BannerType2>
  <Language>en</Language>
  <Rating>1.0000</Rating>
  <RatingCount>1</RatingCount>
</Banner>
<Banner>
  <id>889160</id>
  <BannerPath>posters/84947-1.jpg</BannerPath>
  <BannerType>poster</BannerType>
  <BannerType2>680x1000</BannerType2>
  <Language>en</Language>
  <Rating>1.0000</Rating>
  <RatingCount>2</RatingCount>
</Banner>
<Banner>
  <id>969745</id>
  <BannerPath>posters/84947-12.jpg</BannerPath>
  <BannerType>poster</BannerType>
  <BannerType2>680x1000</BannerType2>
  <Language>en</Language>
  <Rating></Rating>
  <RatingCount>0</RatingCount>
</Banner>
<Banner>
  <id>904053</id>
  <BannerPath>seasons/84947-0-2.jpg</BannerPath>
  <BannerType>season</BannerType>
  <BannerType2>season</BannerType2>
  <Language>en</Language>
  <Rating>10.0000</Rating>
  <RatingCount>4</RatingCount>
  <Season>0</Season>
</Banner>
<Banner>
  <id>904054</id>
  <BannerPath>seasons/84947-0-3.jpg</BannerPath>
  <BannerType>season</BannerType>
  <BannerType2>season</BannerType2>
  <Language>en</Language>
  <Rating>9.0000</Rating>
  <RatingCount>1</RatingCount>
  <Season>0</Season>
</Banner>
<Banner>
  <id>886506</id>
  <BannerPath>seasons/84947-1-5.jpg</BannerPath>
  <BannerType>season</BannerType>
  <BannerType2>season</BannerType2>
  <Language>en</Language>
  <Rating>9.0000</Rating>
  <RatingCount>11</RatingCount>
  <Season>1</Season>
</Banner>
<Banner>
  <id>921253</id>
  <BannerPath>seasons/84947-3.jpg</BannerPath>
  <BannerType>season</BannerType>
  <BannerType2>season</BannerType2>
  <Language>en</Language>
  <Rating>8.9000</Rating>
  <RatingCount>10</RatingCount>
  <Season>3</Season>
</Banner>
<Banner>
  <id>955456</id>
  <BannerPath>seasons/84947-3-2.jpg</BannerPath>
  <BannerType>season</BannerType>
  <BannerType2>season</BannerType2>
  <Language>en</Language>
  <Rating>8.6667</Rating>
  <RatingCount>3</RatingCount>
  <Season>3</Season>
</Banner>
<Banner>
  <id>969896</id>
  <BannerPath>seasons/84947-4.jpg</BannerPath>
  <BannerType>season</BannerType>
  <BannerType2>season</BannerType2>
  <Language>en</Language>
  <Rating>7.7500</Rating>
  <RatingCount>4</RatingCount>
  <Season>4</Season>
</Banner>
<Banner>
  <id>886513</id>
  <BannerPath>seasons/84947-2-4.jpg</BannerPath>
  <BannerType>season</BannerType>
  <BannerType2>season</BannerType2>
  <Language>en</Language>
  <Rating>7.5000</Rating>
  <RatingCount>14</RatingCount>
  <Season>2</Season>
</Banner>
<Banner>
  <id>883454</id>
  <BannerPath>seasons/84947-0.jpg</BannerPath>
  <BannerType>season</BannerType>
  <BannerType2>season</BannerType2>
  <Language>en</Language>
  <Rating>7.3333</Rating>
  <RatingCount>3</RatingCount>
  <Season>0</Season>
</Banner>
<Banner>
  <id>624391</id>
  <BannerPath>seasons/84947-1-2.jpg</BannerPath>
  <BannerType>season</BannerType>
  <BannerType2>season</BannerType2>
  <Language>en</Language>
  <Rating>7.2500</Rating>
  <RatingCount>8</RatingCount>
  <Season>1</Season>
</Banner>
<Banner>
  <id>926073</id>
  <BannerPath>seasons/84947-1-7.jpg</BannerPath>
  <BannerType>season</BannerType>
  <BannerType2>season</BannerType2>
  <Language>he</Language>
  <Rating>7.0000</Rating>
  <RatingCount>2</RatingCount>
  <Season>1</Season>
</Banner>
<Banner>
  <id>916473</id>
  <BannerPath>seasons/84947-2-2.jpg</BannerPath>
  <BannerType>season</BannerType>
  <BannerType2>season</BannerType2>
  <Language>en</Language>
  <Rating>6.6667</Rating>
  <RatingCount>6</RatingCount>
  <Season>2</Season>
</Banner>
<Banner>
  <id>886507</id>
  <BannerPath>seasons/84947-2-3.jpg</BannerPath>
  <BannerType>season</BannerType>
  <BannerType2>season</BannerType2>
  <Language>en</Language>
  <Rating>6.6000</Rating>
  <RatingCount>5</RatingCount>
  <Season>2</Season>
</Banner>
<Banner>
  <id>975754</id>
  <BannerPath>seasons/84947-3-3.jpg</BannerPath>
  <BannerType>season</BannerType>
  <BannerType2>season</BannerType2>
  <Language>en</Language>
  <Rating>5.5000</Rating>
  <RatingCount>2</RatingCount>
  <Season>3</Season>
</Banner>
<Banner>
  <id>877437</id>
  <BannerPath>seasons/84947-2.jpg</BannerPath>
  <BannerType>season</BannerType>
  <BannerType2>season</BannerType2>
  <Language>en</Language>
  <Rating>5.5000</Rating>
  <RatingCount>2</RatingCount>
  <Season>2</Season>
</Banner>
<Banner>
  <id>967533</id>
  <BannerPath>seasons/84947-1-8.jpg</BannerPath>
  <BannerType>season</BannerType>
  <BannerType2>season</BannerType2>
  <Language>en</Language>
  <Rating>5.5000</Rating>
  <RatingCount>2</RatingCount>
  <Season>1</Season>
</Banner>
<Banner>
  <id>975752</id>
  <BannerPath>seasons/84947-1-9.jpg</BannerPath>
  <BannerType>season</BannerType>
  <BannerType2>season</BannerType2>
  <Language>en</Language>
  <Rating>5.5000</Rating>
  <RatingCount>2</RatingCount>
  <Season>1</Season>
</Banner>
<Banner>
  <id>975755</id>
  <BannerPath>seasons/84947-4-2.jpg</BannerPath>
  <BannerType>season</BannerType>
  <BannerType2>season</BannerType2>
  <Language>en</Language>
  <Rating>5.5000</Rating>
  <RatingCount>2</RatingCount>
  <Season>4</Season>
</Banner>
<Banner>
  <id>975753</id>
  <BannerPath>seasons/84947-2-7.jpg</BannerPath>
  <BannerType>season</BannerType>
  <BannerType2>season</BannerType2>
  <Language>en</Language>
  <Rating>5.5000</Rating>
  <RatingCount>2</RatingCount>
  <Season>2</Season>
</Banner>
<Banner>
  <id>926074</id>
  <BannerPath>seasons/84947-2-5.jpg</BannerPath>
  <BannerType>season</BannerType>
  <BannerType2>season</BannerType2>
  <Language>he</Language>
  <Rating>5.0000</Rating>
  <RatingCount>3</RatingCount>
  <Season>2</Season>
</Banner>
<Banner>
  <id>615521</id>
  <BannerPath>seasons/84947-1.jpg</BannerPath>
  <BannerType>season</BannerType>
  <BannerType2>season</BannerType2>
  <Language>en</Language>
  <Rating>4.7500</Rating>
  <RatingCount>4</RatingCount>
  <Season>1</Season>
</Banner>
<Banner>
  <id>697231</id>
  <BannerPath>seasons/84947-1-3.jpg</BannerPath>
  <BannerType>season</BannerType>
  <BannerType2>season</BannerType2>
  <Language>ru</Language>
  <Rating>1.0000</Rating>
  <RatingCount>2</RatingCount>
  <Season>1</Season>
</Banner>
<Banner>
  <id>959614</id>
  <BannerPath>seasons/84947-2-6.jpg</BannerPath>
  <BannerType>season</BannerType>
  <BannerType2>season</BannerType2>
  <Language>de</Language>
  <Rating></Rating>
  <RatingCount>0</RatingCount>
  <Season>2</Season>
</Banner>
<Banner>
  <id>959613</id>
  <BannerPath>seasons/84947-1-6.jpg</BannerPath>
  <BannerType>season</BannerType>
  <BannerType2>season</BannerType2>
  <Language>de</Language>
  <Rating></Rating>
  <RatingCount>0</RatingCount>
  <Season>1</Season>
</Banner>
<Banner>
  <id>901036</id>
  <BannerPath>seasons/84947-1-4.jpg</BannerPath>
  <BannerType>season</BannerType>
  <BannerType2>season</BannerType2>
  <Language>fr</Language>
  <Rating></Rating>
  <RatingCount>0</RatingCount>
  <Season>1</Season>
</Banner>
<Banner>
  <id>641401</id>
  <BannerPath>seasonswide/84947-1.jpg</BannerPath>
  <BannerType>season</BannerType>
  <BannerType2>seasonwide</BannerType2>
  <Language>en</Language>
  <Rating></Rating>
  <RatingCount>0</RatingCount>
  <Season>1</Season>
</Banner>
<Banner>
  <id>939538</id>
  <BannerPath>seasonswide/84947-2.jpg</BannerPath>
  <BannerType>season</BannerType>
  <BannerType2>seasonwide</BannerType2>
  <Language>de</Language>
  <Rating></Rating>
  <RatingCount>0</RatingCount>
  <Season>2</Season>
</Banner>
<Banner>
  <id>939539</id>
  <BannerPath>seasonswide/84947-3.jpg</BannerPath>
  <BannerType>season</BannerType>
  <BannerType2>seasonwide</BannerType2>
  <Language>de</Language>
  <Rating></Rating>
  <RatingCount>0</RatingCount>
  <Season>3</Season>
</Banner>
<Banner>
  <id>875804</id>
  <BannerPath>graphical/84947-g5.jpg</BannerPath>
  <BannerType>series</BannerType>
  <BannerType2>graphical</BannerType2>
  <Language>en</Language>
  <Rating>8.2222</Rating>
  <RatingCount>9</RatingCount>
</Banner>
<Banner>
  <id>590311</id>
  <BannerPath>graphical/84947-g3.jpg</BannerPath>
  <BannerType>series</BannerType>
  <BannerType2>graphical</BannerType2>
  <Language>en</Language>
  <Rating>8.0000</Rating>
  <RatingCount>10</RatingCount>
</Banner>
<Banner>
  <id>902668</id>
  <BannerPath>graphical/84947-g6.jpg</BannerPath>
  <BannerType>series</BannerType>
  <BannerType2>graphical</BannerType2>
  <Language>en</Language>
  <Rating>7.6667</Rating>
  <RatingCount>3</RatingCount>
</Banner>
<Banner>
  <id>875803</id>
  <BannerPath>graphical/84947-g4.jpg</BannerPath>
  <BannerType>series</BannerType>
  <BannerType2>graphical</BannerType2>
  <Language>en</Language>
  <Rating>6.5000</Rating>
  <RatingCount>8</RatingCount>
</Banner>
<Banner>
  <id>577531</id>
  <BannerPath>graphical/84947-g2.jpg</BannerPath>
  <BannerType>series</BannerType>
  <BannerType2>graphical</BannerType2>
  <Language>en</Language>
  <Rating>5.2000</Rating>
  <RatingCount>5</RatingCount>
</Banner>
<Banner>
  <id>577521</id>
  <BannerPath>graphical/84947-g.jpg</BannerPath>
  <BannerType>series</BannerType>
  <BannerType2>graphical</BannerType2>
  <Language>en</Language>
  <Rating>5.0000</Rating>
  <RatingCount>7</RatingCount>
</Banner>
<Banner>
  <id>969820</id>
  <BannerPath>graphical/84947-g7.jpg</BannerPath>
  <BannerType>series</BannerType>
  <BannerType2>graphical</BannerType2>
  <Language>en</Language>
  <Rating></Rating>
  <RatingCount>0</RatingCount>
</Banner>
</Banners>