<?xml version="1.0" encoding="UTF-8" ?>
<Data><Series>
  <id>84947</id>
  <Actors>|Steve Buscemi|Michael Pitt|Kelly Macdonald|Vincent Piazza|Stephen Graham|Michael Shannon|Greg Antonacci|Charlie Cox|Jack Huston|Gretchen Mol|Dabney Coleman|Paul Sparks (II)|Anthony Laciura|Michael Kenneth Williams|Paz de la Huerta |Michael Stuhlbarg|Aleksa Palladino|Shea Whigham|Anatol Yusef|</Actors>
  <Airs_DayOfWeek>Sunday</Airs_DayOfWeek>
  <Airs_Time>9:00 PM</Airs_Time>
  <ContentRating>TV-MA</ContentRating>
  <FirstAired>2010-09-19</FirstAired>
  <Genre>|Drama|</Genre>
  <IMDB_ID>tt0979432</IMDB_ID>
  <Language>en</Language>
  <Network>HBO</Network>
  <NetworkID></NetworkID>
  <Overview>Boardwalk Empire is a period drama focusing on Enoch &quot;Nucky&quot; Thompson (based on the historical Enoch L. Johnson), a political figure who rose to prominence and controlled Atlantic City, New Jersey, during the Prohibition period of the 1920s and 1930s. Nucky interacts with several historical figures in both his personal and political life, including mobsters, politicians, government agents, and the common folk who look up to him. The federal government also takes an interest in the bootlegging and other illegal activities in the area, sending agents to investigate possible mob connections but also looking at Nucky's lifestyle—expensive and lavish for a county political figure.</Overview>
  <Rating>9.1</Rating>
  <RatingCount>142</RatingCount>
  <Runtime>60</Runtime>
  <SeriesID>75748</SeriesID>
  <SeriesName>Boardwalk Empire</SeriesName>
  <Status>Continuing</Status>
  <added>2009-02-04 16:23:59</added>
  <addedBy>3071</addedBy>
  <banner>graphical/84947-g5.jpg</banner>
  <fanart>fanart/original/84947-12.jpg</fanart>
  <lastupdated>1381862557</lastupdated>
  <poster>posters/84947-4.jpg</poster>
  <zap2it_id>SH01308836</zap2it_id>
</Series>
<Episode>
  <id>2800151</id>
  <Combined_episodenumber>1</Combined_episodenumber>
  <Combined_season>0</Combined_season>
  <DVD_chapter></DVD_chapter>
  <DVD_discid></DVD_discid>
  <DVD_episodenumber></DVD_episodenumber>
  <DVD_season></DVD_season>
  <Director></Director>
  <EpImgFlag>2</EpImgFlag>
  <EpisodeName>Making Boardwalk Empire</EpisodeName>
  <EpisodeNumber>1</EpisodeNumber>
  <FirstAired>2010-08-23</FirstAired>
  <GuestStars></GuestStars>
  <IMDB_ID></IMDB_ID>
  <Language>en</Language>
  <Overview>Step onto the set of the highly anticipated HBO drama series &quot;Boardwalk Empire&quot; in this special behind-the-scenes look featuring interviews, clips from the show, and more.</Overview>
  <ProductionCode></ProductionCode>
  <Rating>7.0</Rating>
  <RatingCount>1</RatingCount>
  <SeasonNumber>0</SeasonNumber>
  <Writer></Writer>
  <absolute_number></absolute_number>
  <airsafter_season></airsafter_season>
  <airsbefore_episode>1</airsbefore_episode>
  <airsbefore_season>1</airsbefore_season>
  <filename>episodes/84947/2800151.jpg</filename>
  <lastupdated>1304757279</lastupdated>
  <seasonid>40352</seasonid>
  <seriesid>84947</seriesid>
  <thumb_added></thumb_added>
  <thumb_height>225</thumb_height>
  <thumb_width>400</thumb_width>
</Episode>
<Episode>
  <id>4226136</id>
  <Combined_episodenumber>2</Combined_episodenumber>
  <Combined_season>0</Combined_season>
  <DVD_chapter></DVD_chapter>
  <DVD_discid></DVD_discid>
  <DVD_episodenumber></DVD_episodenumber>
  <DVD_season></DVD_season>
  <Director></Director>
  <EpImgFlag>2</EpImgFlag>
  <EpisodeName>Atlantic City: The Original Sin City</EpisodeName>
  <EpisodeNumber>2</EpisodeNumber>
  <FirstAired>2010-09-19</FirstAired>
  <GuestStars></GuestStars>
  <IMDB_ID></IMDB_ID>
  <Language>en</Language>
  <Overview>A 30-minute documentary from HBO, &quot;Atlantic City: The Original Sin City.&quot; It's a companion piece to the series, and originally aired on HBO just prior to the series premiere. It includes interviews with many of the experts on Atlantic City history, including Nelson Johnson (author of Boardwalk Empire), Allen &quot;Boo&quot; Pergament, Heather Halpin Perez, Ralph Hunter, Vicki Gold Levi, Turiya S. A. Raheem, and Bryant Simon. It also includes executive producers Martin Scorsese and Terence Winter, as well as the research advisor for the series, Ed McGinty.</Overview>
  <ProductionCode></ProductionCode>
  <Rating></Rating>
  <RatingCount>0</RatingCount>
  <SeasonNumber>0</SeasonNumber>
  <Writer></Writer>
  <absolute_number></absolute_number>
  <airsafter_season></airsafter_season>
  <airsbefore_episode>1</airsbefore_episode>
  <airsbefore_season>1</airsbefore_season>
  <filename>episodes/84947/4226136.jpg</filename>
  <lastupdated>1328620470</lastupdated>
  <seasonid>40352</seasonid>
  <seriesid>84947</seriesid>
  <thumb_added></thumb_added>
  <thumb_height>225</thumb_height>
  <thumb_width>400</thumb_width>
</Episode>
<Episode>
  <id>432126</id>
  <Combined_episodenumber>1</Combined_episodenumber>
  <Combined_season>1</Combined_season>
  <DVD_chapter></DVD_chapter>
  <DVD_discid></DVD_discid>
  <DVD_episodenumber></DVD_episodenumber>
  <DVD_season></DVD_season>
  <Director>Martin Scorsese</Director>
  <EpImgFlag>2</EpImgFlag>
  <EpisodeName>Boardwalk Empire</EpisodeName>
  <EpisodeNumber>1</EpisodeNumber>
  <FirstAired>2010-09-19</FirstAired>
  <GuestStars></GuestStars>
  <IMDB_ID>tt1276201</IMDB_ID>
  <Language>en</Language>
  <Overview>January 1920. On the eve of Prohibition, Atlantic City's Treasurer, Nucky Thompson, condemns alcohol at a Women's Temperance League meeting, where he is noticed by Margaret Schroeder, a pretty, pregnant housewife who comes to him for help in getting her abusive husband Hans a job. Later that evening, the duplicitous Nucky privately tells his ward bosses about the opportunity to make huge profits selling bootleg liquor. At a countdown-to-midnight blast at Babette's Supper Club, he assures Jimmy Darmody, a recently returned WWI vet, that his appointment as &quot;Man Friday&quot; to the new Chief Clerk of the Fourth Ward, Paddy Ryan, will lead to bigger things. Jimmy, meanwhile, has higher aspirations and ends up making an alliance that could have dire consequences for both him and Nucky.</Overview>
  <ProductionCode></ProductionCode>
  <Rating>7.9</Rating>
  <RatingCount>210</RatingCount>
  <SeasonNumber>1</SeasonNumber>
  <Writer>Terrence Winter</Writer>
  <absolute_number></absolute_number>
  <filename>episodes/84947/432126.jpg</filename>
  <lastupdated>1369083446</lastupdated>
  <seasonid>40353</seasonid>
  <seriesid>84947</seriesid>
  <thumb_added></thumb_added>
  <thumb_height>225</thumb_height>
  <thumb_width>400</thumb_width>
</Episode>
<Episode>
  <id>2637071</id>
  <Combined_episodenumber>2</Combined_episodenumber>
  <Combined_season>1</Combined_season>
  <DVD_chapter></DVD_chapter>
  <DVD_discid></DVD_discid>
  <DVD_episodenumber></DVD_episodenumber>
  <DVD_season></DVD_season>
  <Director>Tim Van Patten</Director>
  <EpImgFlag>2</EpImgFlag>
  <EpisodeName>The Ivory Tower</EpisodeName>
  <EpisodeNumber>2</EpisodeNumber>
  <FirstAired>2010-09-26</FirstAired>
  <GuestStars></GuestStars>
  <IMDB_ID>tt1501024</IMDB_ID>
  <Language>en</Language>
  <Overview>Investigating a crime which he feels has been pinned on a scapegoat, straight-arrow Agent Nelson Van Alden pays a visit to Nucky and leaves convinced that the Treasurer is &quot;as corrupt as the day is long&quot;. Nucky quickly does damage control, enlisting his brother, Sheriff Elias Thompson, to close ranks with their underlings. Nucky discusses the upcoming election with his aging mentor, Commodore Louis Kaestner, with whom he debates the women's vote issue. Later, before heading out for a night on the town, Nucky rebukes an irate Arnold Rothstein over the phone, then meets privately with Margaret Schroeder, who asks him for help in providing for her children. As a long day ends, a traveling salesman named George Baxter, in town for a few days with an unwilling young beauty named Claudia, makes a startling discovery while on the road home to Baltimore. </Overview>
  <ProductionCode></ProductionCode>
  <Rating>7.6</Rating>
  <RatingCount>168</RatingCount>
  <SeasonNumber>1</SeasonNumber>
  <Writer>Terence Winter</Writer>
  <absolute_number></absolute_number>
  <filename>episodes/84947/2637071.jpg</filename>
  <lastupdated>1369083396</lastupdated>
  <seasonid>40353</seasonid>
  <seriesid>84947</seriesid>
  <thumb_added></thumb_added>
  <thumb_height>225</thumb_height>
  <thumb_width>400</thumb_width>
</Episode>
<Episode>
  <id>2721561</id>
  <Combined_episodenumber>3</Combined_episodenumber>
  <Combined_season>1</Combined_season>
  <DVD_chapter></DVD_chapter>
  <DVD_discid></DVD_discid>
  <DVD_episodenumber></DVD_episodenumber>
  <DVD_season></DVD_season>
  <Director>Tim Van Patten</Director>
  <EpImgFlag>2</EpImgFlag>
  <EpisodeName>Broadway Limited</EpisodeName>
  <EpisodeNumber>3</EpisodeNumber>
  <FirstAired>2010-10-03</FirstAired>
  <GuestStars></GuestStars>
  <IMDB_ID>tt1558885</IMDB_ID>
  <Language>en</Language>
  <Overview>An unlikely witness threatens to expose the perpetrators of the woods massacre, sending Eli – and Agent Nelson Van Alden – rushing to the hospital. As Nucky re-evaluates his relationship with Lucy, Margaret starts a new job at an upscale French dress shop at the Ritz. Chalky's team pays a heavy price for taking over Mickey Doyle's bootleg operation, causing Chalky to reevaluate his relationship with Nucky. After questioning Angela's loyalty, Jimmy heads west.</Overview>
  <ProductionCode></ProductionCode>
  <Rating>7.5</Rating>
  <RatingCount>162</RatingCount>
  <SeasonNumber>1</SeasonNumber>
  <Writer>Margaret Nagle</Writer>
  <absolute_number></absolute_number>
  <filename>episodes/84947/2721561.jpg</filename>
  <lastupdated>1367404237</lastupdated>
  <seasonid>40353</seasonid>
  <seriesid>84947</seriesid>
  <thumb_added></thumb_added>
  <thumb_height>225</thumb_height>
  <thumb_width>400</thumb_width>
</Episode>
<Episode>
  <id>2721571</id>
  <Combined_episodenumber>4</Combined_episodenumber>
  <Combined_season>1</Combined_season>
  <DVD_chapter></DVD_chapter>
  <DVD_discid></DVD_discid>
  <DVD_episodenumber></DVD_episodenumber>
  <DVD_season></DVD_season>
  <Director>Jeremy Podeswa</Director>
  <EpImgFlag>2</EpImgFlag>
  <EpisodeName>Anastasia</EpisodeName>
  <EpisodeNumber>4</EpisodeNumber>
  <FirstAired>2010-10-10</FirstAired>
  <GuestStars></GuestStars>
  <IMDB_ID>tt1585675</IMDB_ID>
  <Language>en</Language>
  <Overview>In Chicago, Jimmy bonds with one of Johnny Torrio's prostitutes, Pearl, and finds himself increasingly at odds with the hot-headed Al Capone. Back in Atlantic City, Nucky looks to leverage his relationships with ambitious U.S. Senator Walter Edge, as well as Jersey City Mayor Frank Hague. Eli and Chalky go to extremes to interrogate a KKK member; Lucky Luciano sets his sights on Jimmy's &quot;wife&quot;; Margaret impresses at Nucky's lavish birthday party, while Lucy tries to protect her territory.</Overview>
  <ProductionCode></ProductionCode>
  <Rating>7.5</Rating>
  <RatingCount>152</RatingCount>
  <SeasonNumber>1</SeasonNumber>
  <Writer>Lawrence Konner | Margaret Nagle</Writer>
  <absolute_number></absolute_number>
  <filename>episodes/84947/2721571.jpg</filename>
  <lastupdated>1367404250</lastupdated>
  <seasonid>40353</seasonid>
  <seriesid>84947</seriesid>
  <thumb_added></thumb_added>
  <thumb_height>225</thumb_height>
  <thumb_width>400</thumb_width>
</Episode>
<Episode>
  <id>2756441</id>
  <Combined_episodenumber>5</Combined_episodenumber>
  <Combined_season>1</Combined_season>
  <DVD_chapter></DVD_chapter>
  <DVD_discid></DVD_discid>
  <DVD_episodenumber></DVD_episodenumber>
  <DVD_season></DVD_season>
  <Director>Alan Taylor</Director>
  <EpImgFlag>2</EpImgFlag>
  <EpisodeName>Nights in Ballygran</EpisodeName>
  <EpisodeNumber>5</EpisodeNumber>
  <FirstAired>2010-10-17</FirstAired>
  <GuestStars></GuestStars>
  <IMDB_ID>tt1585674</IMDB_ID>
  <Language>en</Language>
  <Overview>On the day of the annual St. Patrick's Eve dinner, Nucky deals with his jealous brother's oratory ambitions, as well as a group of disenchanted &quot;Leprechauns.&quot; Feeling ignored by Nucky, a frustrated Margaret feeds Van Alden information regarding the whereabouts of a garage filled with barrels of beer. In New York, Arnold Rothstein worries about his involvement in the fixed World Series, while in Chicago, Jimmy copes with the aftermath of a vicious attack orchestrated by Torrio rival Charlie Sheridan.</Overview>
  <ProductionCode></ProductionCode>
  <Rating>7.8</Rating>
  <RatingCount>135</RatingCount>
  <SeasonNumber>1</SeasonNumber>
  <Writer>Lawrence Konner</Writer>
  <absolute_number></absolute_number>
  <filename>episodes/84947/2756441.jpg</filename>
  <lastupdated>1370647540</lastupdated>
  <seasonid>40353</seasonid>
  <seriesid>84947</seriesid>
  <thumb_added></thumb_added>
  <thumb_height>225</thumb_height>
  <thumb_width>400</thumb_width>
</Episode>
<Episode>
  <id>2756451</id>
  <Combined_episodenumber>6</Combined_episodenumber>
  <Combined_season>1</Combined_season>
  <DVD_chapter></DVD_chapter>
  <DVD_discid></DVD_discid>
  <DVD_episodenumber></DVD_episodenumber>
  <DVD_season></DVD_season>
  <Director>Tim Van Patten</Director>
  <EpImgFlag>2</EpImgFlag>
  <EpisodeName>Family Limitation</EpisodeName>
  <EpisodeNumber>6</EpisodeNumber>
  <FirstAired>2010-10-24</FirstAired>
  <GuestStars></GuestStars>
  <IMDB_ID>tt1595390</IMDB_ID>
  <Language>en</Language>
  <Overview>After the brazen robbery of one of his ward bosses, Nucky turns up the heat on Lucky Luciano. An emboldened Margaret stands up to Lucy at the dress shop, then accepts an offer from Nucky to change her circumstances. In Chicago, Al Capone's frustration over family issues spills over into his relationship with Jimmy, who scores points with Johnny Torrio for a bold power play involving mob heavy Charlie Sheridan and the neighborhood of Greektown.</Overview>
  <ProductionCode></ProductionCode>
  <Rating>7.6</Rating>
  <RatingCount>134</RatingCount>
  <SeasonNumber>1</SeasonNumber>
  <Writer>Howard Korder</Writer>
  <absolute_number></absolute_number>
  <filename>episodes/84947/2756451.jpg</filename>
  <lastupdated>1367404280</lastupdated>
  <seasonid>40353</seasonid>
  <seriesid>84947</seriesid>
  <thumb_added></thumb_added>
  <thumb_height>225</thumb_height>
  <thumb_width>400</thumb_width>
</Episode>
<Episode>
  <id>2802831</id>
  <Combined_episodenumber>7</Combined_episodenumber>
  <Combined_season>1</Combined_season>
  <DVD_chapter></DVD_chapter>
  <DVD_discid></DVD_discid>
  <DVD_episodenumber></DVD_episodenumber>
  <DVD_season></DVD_season>
  <Director>Allen Coulter</Director>
  <EpImgFlag>2</EpImgFlag>
  <EpisodeName>Home</EpisodeName>
  <EpisodeNumber>7</EpisodeNumber>
  <FirstAired>2010-10-31</FirstAired>
  <GuestStars></GuestStars>
  <IMDB_ID>tt1649463</IMDB_ID>
  <Language>en</Language>
  <Overview>After his father Ethan is injured in a fall, Nucky uses the opportunity to refurbish his childhood home. During a visit to an army hospital, Jimmy befriends disfigured vet Richard Harrow, whose sharp eye may prove invaluable. Chalky considers a liquor proposition that would eliminate middle man Nucky. Van Alden gets a valuable lead on the woods massacre. Angela finds companionship in Jimmy's absence; Luciano and a friend cut a deal with the D'Alessio brothers. On a double-date with new friend Annabelle and her beaux, Margaret tries to get Nucky to open up about some painful childhood memories. On a tip from Capone, Jimmy eyes payback against one of Sheridan's thugs.</Overview>
  <ProductionCode></ProductionCode>
  <Rating>7.7</Rating>
  <RatingCount>123</RatingCount>
  <SeasonNumber>1</SeasonNumber>
  <Writer>Tim Van Patten | Paul Simms</Writer>
  <absolute_number></absolute_number>
  <filename>episodes/84947/2802831.jpg</filename>
  <lastupdated>1361480558</lastupdated>
  <seasonid>40353</seasonid>
  <seriesid>84947</seriesid>
  <thumb_added></thumb_added>
  <thumb_height>225</thumb_height>
  <thumb_width>400</thumb_width>
</Episode>
<Episode>
  <id>2802841</id>
  <Combined_episodenumber>8</Combined_episodenumber>
  <Combined_season>1</Combined_season>
  <DVD_chapter></DVD_chapter>
  <DVD_discid></DVD_discid>
  <DVD_episodenumber></DVD_episodenumber>
  <DVD_season></DVD_season>
  <Director>Brian Kirk</Director>
  <EpImgFlag>2</EpImgFlag>
  <EpisodeName>Hold Me in Paradise</EpisodeName>
  <EpisodeNumber>8</EpisodeNumber>
  <FirstAired>2010-11-07</FirstAired>
  <GuestStars></GuestStars>
  <IMDB_ID></IMDB_ID>
  <Language>en</Language>
  <Overview>Nucky visits Chicago for the Republican National Convention, where he finds himself intrigued by the candidacy of Warren G. Harding over more established candidates. The D'Alessio gang moves in on Nucky's territory at the expense of Eli, who has been watching over his brother's affairs. Margaret finds herself entangled in Nucky's business affairs, while Van Alden struggles with his wife's desire for a child. Rothstein prepares for legal trouble over his role in fixing the 1919 World Series. Nucky asks Jimmy to return to Atlantic City to reinforce his position.</Overview>
  <ProductionCode></ProductionCode>
  <Rating>7.8</Rating>
  <RatingCount>132</RatingCount>
  <SeasonNumber>1</SeasonNumber>
  <Writer>Meg Jackson</Writer>
  <absolute_number></absolute_number>
  <filename>episodes/84947/2802841.jpg</filename>
  <lastupdated>1370647668</lastupdated>
  <seasonid>40353</seasonid>
  <seriesid>84947</seriesid>
  <thumb_added></thumb_added>
  <thumb_height>225</thumb_height>
  <thumb_width>400</thumb_width>
</Episode>
<Episode>
  <id>2756511</id>
  <Combined_episodenumber>9</Combined_episodenumber>
  <Combined_season>1</Combined_season>
  <DVD_chapter></DVD_chapter>
  <DVD_discid></DVD_discid>
  <DVD_episodenumber></DVD_episodenumber>
  <DVD_season></DVD_season>
  <Director>Brad Anderson</Director>
  <EpImgFlag>2</EpImgFlag>
  <EpisodeName>Belle Femme</EpisodeName>
  <EpisodeNumber>9</EpisodeNumber>
  <FirstAired>2010-11-14</FirstAired>
  <GuestStars></GuestStars>
  <IMDB_ID>tt1649464</IMDB_ID>
  <Language>en</Language>
  <Overview>Nucky is forced to readjust his political alliances with a Democratic mayoral candidate promising to wipe out corruption. Jimmy returns from Chicago to deal with the D'Alessio gang, which has allied with Rothstein to import European scotch through Atlantic City, but is arrested by Agent Van Alden for the massacre in the woods. Margaret intercedes with Nucky on Madame Jeunet's behalf, while Angela finds her romantic and artistic ambitions halted by Jimmy's return. </Overview>
  <ProductionCode></ProductionCode>
  <Rating>8.0</Rating>
  <RatingCount>124</RatingCount>
  <SeasonNumber>1</SeasonNumber>
  <Writer>Steve Kornacki</Writer>
  <absolute_number></absolute_number>
  <filename>episodes/84947/2756511.jpg</filename>
  <lastupdated>1367404334</lastupdated>
  <seasonid>40353</seasonid>
  <seriesid>84947</seriesid>
  <thumb_added></thumb_added>
  <thumb_height>225</thumb_height>
  <thumb_width>400</thumb_width>
</Episode>
<Episode>
  <id>2957601</id>
  <Combined_episodenumber>10</Combined_episodenumber>
  <Combined_season>1</Combined_season>
  <DVD_chapter></DVD_chapter>
  <DVD_discid></DVD_discid>
  <DVD_episodenumber></DVD_episodenumber>
  <DVD_season></DVD_season>
  <Director>Simon Cellan Jones</Director>
  <EpImgFlag>2</EpImgFlag>
  <EpisodeName>The Emerald City</EpisodeName>
  <EpisodeNumber>10</EpisodeNumber>
  <FirstAired>2010-11-21</FirstAired>
  <GuestStars></GuestStars>
  <IMDB_ID></IMDB_ID>
  <Language>en</Language>
  <Overview>Nucky asks for Margaret's assistance in backing his mayoral candidate with the passage of women's right to vote, leaving her conflicted about her role. Doyle switches sides back from Rothstein, which leads Nucky to conspire with Chalky against Lansky and the D'Alessios. Angela witnesses Jimmy's violent side against her photographer friend, and considers leaving Atlantic City for good in the aftermath. Van Alden grapples with his emotions, and has encounters with both Margaret and Lucy. </Overview>
  <ProductionCode></ProductionCode>
  <Rating>7.9</Rating>
  <RatingCount>125</RatingCount>
  <SeasonNumber>1</SeasonNumber>
  <Writer>Lawrence Konner</Writer>
  <absolute_number></absolute_number>
  <filename>episodes/84947/2957601.jpg</filename>
  <lastupdated>1367404355</lastupdated>
  <seasonid>40353</seasonid>
  <seriesid>84947</seriesid>
  <thumb_added></thumb_added>
  <thumb_height>225</thumb_height>
  <thumb_width>400</thumb_width>
</Episode>
<Episode>
  <id>2756541</id>
  <Combined_episodenumber>11</Combined_episodenumber>
  <Combined_season>1</Combined_season>
  <DVD_chapter></DVD_chapter>
  <DVD_discid></DVD_discid>
  <DVD_episodenumber></DVD_episodenumber>
  <DVD_season></DVD_season>
  <Director>Allen Coulter</Director>
  <EpImgFlag>2</EpImgFlag>
  <EpisodeName>Paris Green</EpisodeName>
  <EpisodeNumber>11</EpisodeNumber>
  <FirstAired>2010-11-28</FirstAired>
  <GuestStars></GuestStars>
  <IMDB_ID>tt1651528</IMDB_ID>
  <Language>en</Language>
  <Overview>Nucky has emotionally charged conversations with both Margaret and Eli over his business and the killing of Margaret's husband, leading to dramatic shake-ups in his personal and political lives. Jimmy meets with his dying father for the first time in years, and in the process reevaluates his relationships with both his parents. Van Alden and Agent Sebso's working relationship is pushed to the limit by Van Alden's suspicions, ending after a definitive confrontation at a river baptismal. Angela prepares to flee from Jimmy to Paris, but learns her support system is not as strong as she believed.</Overview>
  <ProductionCode></ProductionCode>
  <Rating>7.7</Rating>
  <RatingCount>120</RatingCount>
  <SeasonNumber>1</SeasonNumber>
  <Writer>Howard Korder</Writer>
  <absolute_number></absolute_number>
  <filename>episodes/84947/2756541.jpg</filename>
  <lastupdated>1370647755</lastupdated>
  <seasonid>40353</seasonid>
  <seriesid>84947</seriesid>
  <thumb_added></thumb_added>
  <thumb_height>225</thumb_height>
  <thumb_width>400</thumb_width>
</Episode>
<Episode>
  <id>2756561</id>
  <Combined_episodenumber>12</Combined_episodenumber>
  <Combined_season>1</Combined_season>
  <DVD_chapter></DVD_chapter>
  <DVD_discid></DVD_discid>
  <DVD_episodenumber></DVD_episodenumber>
  <DVD_season></DVD_season>
  <Director>Tim Van Patten</Director>
  <EpImgFlag>2</EpImgFlag>
  <EpisodeName>A Return to Normalcy</EpisodeName>
  <EpisodeNumber>12</EpisodeNumber>
  <FirstAired>2010-12-05</FirstAired>
  <GuestStars></GuestStars>
  <IMDB_ID>tt1651529</IMDB_ID>
  <Language>en</Language>
  <Overview>Nucky faces Election Day in Atlantic City and pulls out all the stops to keep power in Republican hands. Torrio brokers a discussion between Nucky and Rothstein to resolve their growing gang war, as well as Rothstein's looming federal indictment over the World Series.  Both Jimmy and Eli voice their growing resentment towards Nucky, and find they have an ally in the Commodore. Van Alden seeks a sign on whether or not to leave Atlantic City, but receives unexpected news from Lucy. Margaret weighs new information about Nucky's first marriage and her uncertain future to make a final decision on her role in his life.</Overview>
  <ProductionCode></ProductionCode>
  <Rating>8.1</Rating>
  <RatingCount>109</RatingCount>
  <SeasonNumber>1</SeasonNumber>
  <Writer>Terence Winter</Writer>
  <absolute_number></absolute_number>
  <filename>episodes/84947/2756561.jpg</filename>
  <lastupdated>1367404380</lastupdated>
  <seasonid>40353</seasonid>
  <seriesid>84947</seriesid>
  <thumb_added></thumb_added>
  <thumb_height>225</thumb_height>
  <thumb_width>400</thumb_width>
</Episode>
<Episode>
  <id>4130204</id>
  <Combined_episodenumber>1</Combined_episodenumber>
  <Combined_season>2</Combined_season>
  <DVD_chapter></DVD_chapter>
  <DVD_discid></DVD_discid>
  <DVD_episodenumber></DVD_episodenumber>
  <DVD_season></DVD_season>
  <Director>Tim Van Patten</Director>
  <EpImgFlag>2</EpImgFlag>
  <EpisodeName>21</EpisodeName>
  <EpisodeNumber>1</EpisodeNumber>
  <FirstAired>2011-09-25</FirstAired>
  <GuestStars></GuestStars>
  <IMDB_ID>tt1775555</IMDB_ID>
  <Language>en</Language>
  <Overview>Nucky is shocked by an insurrection among his inner circle. An attack threatens Chalky's life and livelihood. Margaret deals with her son's problems. Angela vies for Jimmy's affection. Van Alden shows his wife around town.</Overview>
  <ProductionCode></ProductionCode>
  <Rating>7.8</Rating>
  <RatingCount>89</RatingCount>
  <SeasonNumber>2</SeasonNumber>
  <Writer>Terence Winter</Writer>
  <absolute_number></absolute_number>
  <filename>episodes/84947/4130204.jpg</filename>
  <lastupdated>1361480685</lastupdated>
  <seasonid>469518</seasonid>
  <seriesid>84947</seriesid>
  <thumb_added></thumb_added>
  <thumb_height>225</thumb_height>
  <thumb_width>400</thumb_width>
</Episode>
<Episode>
  <id>4157328</id>
  <Combined_episodenumber>2</Combined_episodenumber>
  <Combined_season>2</Combined_season>
  <DVD_chapter></DVD_chapter>
  <DVD_discid></DVD_discid>
  <DVD_episodenumber></DVD_episodenumber>
  <DVD_season></DVD_season>
  <Director>David Petrarca</Director>
  <EpImgFlag>2</EpImgFlag>
  <EpisodeName>Ourselves Alone</EpisodeName>
  <EpisodeNumber>2</EpisodeNumber>
  <FirstAired>2011-10-02</FirstAired>
  <GuestStars></GuestStars>
  <IMDB_ID>tt1863537</IMDB_ID>
  <Language>en</Language>
  <Overview>Despite being publicly embarrassed by legal trouble, Nucky's biggest concern may be holding on to his private army in a battle for control of Atlantic City. Meanwhile, Jimmy pitches a business deal to Arnold Rothstein in New York, but may have more in common with Meyer Lansky and Lucky Luciano. Margaret draws on past experience to retrieve some valuable information, Chalky clashes with a fellow inmate, and an Irish nationalist comes to town looking for support.</Overview>
  <ProductionCode></ProductionCode>
  <Rating>8.0</Rating>
  <RatingCount>94</RatingCount>
  <SeasonNumber>2</SeasonNumber>
  <Writer>Howard Korder</Writer>
  <absolute_number></absolute_number>
  <filename>episodes/84947/4157328.jpg</filename>
  <lastupdated>1361480700</lastupdated>
  <seasonid>469518</seasonid>
  <seriesid>84947</seriesid>
  <thumb_added></thumb_added>
  <thumb_height>225</thumb_height>
  <thumb_width>400</thumb_width>
</Episode>
<Episode>
  <id>4160731</id>
  <Combined_episodenumber>3</Combined_episodenumber>
  <Combined_season>2</Combined_season>
  <DVD_chapter></DVD_chapter>
  <DVD_discid></DVD_discid>
  <DVD_episodenumber></DVD_episodenumber>
  <DVD_season></DVD_season>
  <Director>Susanna White</Director>
  <EpImgFlag>2</EpImgFlag>
  <EpisodeName>A Dangerous Maid</EpisodeName>
  <EpisodeNumber>3</EpisodeNumber>
  <FirstAired>2011-10-09</FirstAired>
  <GuestStars></GuestStars>
  <IMDB_ID>tt1927248</IMDB_ID>
  <Language>en</Language>
  <Overview>The Commodore throws his weight around with the Coast Guard to disrupt the delivery of alcohol, which creates an opportunity for Owen to demonstrate his value to Nucky and a struggling casino. Meanwhile, a letter dredges up painful memories for Margaret, Nucky calls in a favor with the U.S. attorney general, Meyer and Lucky learn the price of power, and Lucy searches for ways to cure her loneliness.</Overview>
  <ProductionCode></ProductionCode>
  <Rating>7.9</Rating>
  <RatingCount>92</RatingCount>
  <SeasonNumber>2</SeasonNumber>
  <Writer>Itamar Moses</Writer>
  <absolute_number></absolute_number>
  <filename>episodes/84947/4160731.jpg</filename>
  <lastupdated>1361480717</lastupdated>
  <seasonid>469518</seasonid>
  <seriesid>84947</seriesid>
  <thumb_added></thumb_added>
  <thumb_height>225</thumb_height>
  <thumb_width>400</thumb_width>
</Episode>
<Episode>
  <id>4160733</id>
  <Combined_episodenumber>4</Combined_episodenumber>
  <Combined_season>2</Combined_season>
  <DVD_chapter></DVD_chapter>
  <DVD_discid></DVD_discid>
  <DVD_episodenumber></DVD_episodenumber>
  <DVD_season></DVD_season>
  <Director>Ed Bianchi</Director>
  <EpImgFlag>2</EpImgFlag>
  <EpisodeName>What Does the Bee Do?</EpisodeName>
  <EpisodeNumber>4</EpisodeNumber>
  <FirstAired>2011-10-16</FirstAired>
  <GuestStars></GuestStars>
  <IMDB_ID>tt1927249</IMDB_ID>
  <Language>en</Language>
  <Overview>During Mayor Bader's birthday party, Nucky's attorney comes up with a solution that might help Nucky in his election-rigging case. With a liquor surplus likely, Jimmy and Mickey travel to Philadelphia to search for buyers while Nucky makes a surprising deal to try and get alcohol into Atlantic City. Eli is concerned over the Commodore's ability to lead. Margaret decides to give her staff bonuses. Chalky is cornered while at work and home. Owen takes his munitions expertise and uses it. Van Alden's agents set their eyes on Mickey's warehouse. Richard lets his guard down in the name of art. And Gillian thinks of the first time she was ever with the Commodore.</Overview>
  <ProductionCode></ProductionCode>
  <Rating>7.8</Rating>
  <RatingCount>92</RatingCount>
  <SeasonNumber>2</SeasonNumber>
  <Writer>Steve Kornacki</Writer>
  <absolute_number></absolute_number>
  <filename>episodes/84947/4160733.jpg</filename>
  <lastupdated>1361480733</lastupdated>
  <seasonid>469518</seasonid>
  <seriesid>84947</seriesid>
  <thumb_added></thumb_added>
  <thumb_height>225</thumb_height>
  <thumb_width>400</thumb_width>
</Episode>
<Episode>
  <id>4160734</id>
  <Combined_episodenumber>5</Combined_episodenumber>
  <Combined_season>2</Combined_season>
  <DVD_chapter></DVD_chapter>
  <DVD_discid></DVD_discid>
  <DVD_episodenumber></DVD_episodenumber>
  <DVD_season></DVD_season>
  <Director>Tim Van Patten</Director>
  <EpImgFlag>2</EpImgFlag>
  <EpisodeName>Gimcrack &amp; Bunkum</EpisodeName>
  <EpisodeNumber>5</EpisodeNumber>
  <FirstAired>2011-10-23</FirstAired>
  <GuestStars></GuestStars>
  <IMDB_ID>tt1919431</IMDB_ID>
  <Language>en</Language>
  <Overview>After a dispute with his enemies, Nucky brings in a surprise guest speaker at a Memorial Day dedication for war veterans. Running out of options, Eli questions his allegiances, but it ends up sending him deeper into the hole. Nucky hires a new lawyer. Jimmy is taught a lesson by one of the Commodore's men that he won't soon forget. Richard decides to go hunting in the forest.</Overview>
  <ProductionCode></ProductionCode>
  <Rating>8.0</Rating>
  <RatingCount>89</RatingCount>
  <SeasonNumber>2</SeasonNumber>
  <Writer>Howard Korder</Writer>
  <absolute_number></absolute_number>
  <filename>episodes/84947/4160734.jpg</filename>
  <lastupdated>1380544283</lastupdated>
  <seasonid>469518</seasonid>
  <seriesid>84947</seriesid>
  <thumb_added></thumb_added>
  <thumb_height>225</thumb_height>
  <thumb_width>400</thumb_width>
</Episode>
<Episode>
  <id>4160735</id>
  <Combined_episodenumber>6</Combined_episodenumber>
  <Combined_season>2</Combined_season>
  <DVD_chapter></DVD_chapter>
  <DVD_discid></DVD_discid>
  <DVD_episodenumber></DVD_episodenumber>
  <DVD_season></DVD_season>
  <Director>Jeremy Podeswa</Director>
  <EpImgFlag>2</EpImgFlag>
  <EpisodeName>The Age of Reason</EpisodeName>
  <EpisodeNumber>6</EpisodeNumber>
  <FirstAired>2011-10-30</FirstAired>
  <GuestStars></GuestStars>
  <IMDB_ID>tt1926431</IMDB_ID>
  <Language>en</Language>
  <Overview>Nucky tries to set up a risky liquor delivery to Philadelphia. Later, Attorney General Daugherty sees a problem that might complicate Nucky's case. Jimmy finds a new mentor in Leander Whitlock who is the Commodore's lawyer. Margaret finally goes to confessional. Lucy continues to struggle with loneliness while Van Alden tries to settle his conscience.</Overview>
  <ProductionCode></ProductionCode>
  <Rating>7.7</Rating>
  <RatingCount>84</RatingCount>
  <SeasonNumber>2</SeasonNumber>
  <Writer>Bathsheba Doran</Writer>
  <absolute_number></absolute_number>
  <filename>episodes/84947/4160735.jpg</filename>
  <lastupdated>1380544328</lastupdated>
  <seasonid>469518</seasonid>
  <seriesid>84947</seriesid>
  <thumb_added></thumb_added>
  <thumb_height>225</thumb_height>
  <thumb_width>400</thumb_width>
</Episode>
<Episode>
  <id>4160736</id>
  <Combined_episodenumber>7</Combined_episodenumber>
  <Combined_season>2</Combined_season>
  <DVD_chapter></DVD_chapter>
  <DVD_discid></DVD_discid>
  <DVD_episodenumber></DVD_episodenumber>
  <DVD_season></DVD_season>
  <Director>Allen Coulter</Director>
  <EpImgFlag>2</EpImgFlag>
  <EpisodeName>Peg of Old</EpisodeName>
  <EpisodeNumber>7</EpisodeNumber>
  <FirstAired>2011-11-06</FirstAired>
  <GuestStars></GuestStars>
  <IMDB_ID>tt1991372</IMDB_ID>
  <Language>en</Language>
  <Overview>Margaret has a family reunion. Owen gets even with a rival. Van Alden recognizes the hierarchy of the law. Jimmy wonders how a decision will affect the future.</Overview>
  <ProductionCode></ProductionCode>
  <Rating>7.7</Rating>
  <RatingCount>82</RatingCount>
  <SeasonNumber>2</SeasonNumber>
  <Writer>Howard Korder|Steve Kornacki|Bathsheba Doran</Writer>
  <absolute_number></absolute_number>
  <filename>episodes/84947/4160736.jpg</filename>
  <lastupdated>1380544353</lastupdated>
  <seasonid>469518</seasonid>
  <seriesid>84947</seriesid>
  <thumb_added></thumb_added>
  <thumb_height>225</thumb_height>
  <thumb_width>400</thumb_width>
</Episode>
<Episode>
  <id>4160737</id>
  <Combined_episodenumber>8</Combined_episodenumber>
  <Combined_season>2</Combined_season>
  <DVD_chapter></DVD_chapter>
  <DVD_discid></DVD_discid>
  <DVD_episodenumber></DVD_episodenumber>
  <DVD_season></DVD_season>
  <Director>Tim Van Patten</Director>
  <EpImgFlag>2</EpImgFlag>
  <EpisodeName>Two Boats and a Life Guard</EpisodeName>
  <EpisodeNumber>8</EpisodeNumber>
  <FirstAired>2011-11-13</FirstAired>
  <GuestStars></GuestStars>
  <IMDB_ID>tt1989758</IMDB_ID>
  <Language>en</Language>
  <Overview>In the wake of a personal loss, Nucky solicits advice on his political situation from Arnold Rothstein, while Eli remains suspicious of his brother’s actions. Nucky finds himself in the unfamiliar position of showing gratitude toward a federal agent. Angela meets a new friend at the beach, and eavesdrops on her husband’s treachery. Nelson gets a nanny. Nucky approaches Owen with an overseas proposition. Jimmy flexes his muscles, at Mickey Doyle’s expense.</Overview>
  <ProductionCode></ProductionCode>
  <Rating>7.8</Rating>
  <RatingCount>85</RatingCount>
  <SeasonNumber>2</SeasonNumber>
  <Writer>Terence Winter</Writer>
  <absolute_number></absolute_number>
  <filename>episodes/84947/4160737.jpg</filename>
  <lastupdated>1380544373</lastupdated>
  <seasonid>469518</seasonid>
  <seriesid>84947</seriesid>
  <thumb_added></thumb_added>
  <thumb_height>225</thumb_height>
  <thumb_width>400</thumb_width>
</Episode>
<Episode>
  <id>4160739</id>
  <Combined_episodenumber>9</Combined_episodenumber>
  <Combined_season>2</Combined_season>
  <DVD_chapter></DVD_chapter>
  <DVD_discid></DVD_discid>
  <DVD_episodenumber></DVD_episodenumber>
  <DVD_season></DVD_season>
  <Director>Brad Anderson</Director>
  <EpImgFlag>2</EpImgFlag>
  <EpisodeName>Battle of the Century</EpisodeName>
  <EpisodeNumber>9</EpisodeNumber>
  <FirstAired>2011-11-20</FirstAired>
  <GuestStars></GuestStars>
  <IMDB_ID>tt2046374</IMDB_ID>
  <Language>en</Language>
  <Overview>Arriving in Belfast, Nucky and Owen meet with IRA leaders with a barter proposition. Meanwhile, in Atlantic City, Jimmy and his partners broker a deal with George Remus for his “medicinal” alcohol before taking a break to see/hear the Dempsey fight. Margaret frets when Emily’s illness takes a turn for the worse. Dunn Purnsley orchestrates a worker’s strike at the Ritz. Waxey Gordon takes action against Manny Horvitz in Philadelphia, and Randolph and Clifford Lathrop grill Halloran about Nucky’s past.</Overview>
  <ProductionCode></ProductionCode>
  <Rating>7.8</Rating>
  <RatingCount>90</RatingCount>
  <SeasonNumber>2</SeasonNumber>
  <Writer>Steve Kornacki</Writer>
  <absolute_number></absolute_number>
  <filename>episodes/84947/4160739.jpg</filename>
  <lastupdated>1380544397</lastupdated>
  <seasonid>469518</seasonid>
  <seriesid>84947</seriesid>
  <thumb_added></thumb_added>
  <thumb_height>225</thumb_height>
  <thumb_width>400</thumb_width>
</Episode>
<Episode>
  <id>4160738</id>
  <Combined_episodenumber>10</Combined_episodenumber>
  <Combined_season>2</Combined_season>
  <DVD_chapter></DVD_chapter>
  <DVD_discid></DVD_discid>
  <DVD_episodenumber></DVD_episodenumber>
  <DVD_season></DVD_season>
  <Director>Jeremy Podeswa</Director>
  <EpImgFlag>2</EpImgFlag>
  <EpisodeName>Georgia Peaches</EpisodeName>
  <EpisodeNumber>10</EpisodeNumber>
  <FirstAired>2011-11-27</FirstAired>
  <GuestStars></GuestStars>
  <IMDB_ID>tt2046371</IMDB_ID>
  <Language>en</Language>
  <Overview>Undercut by Nucky, who has a new source for alcohol, Jimmy and his partners look to cultivate a new revenue stream in Atlantic City. With the peak tourist season approaching, the Commodore’s crew faces a choice in dealing with the city’s striking workers; either negotiate or fight back. Fearing that sin has led to misfortune, Margaret approaches Father Brennan with an “act of devotion.” Nucky gets a new lawyer. Van Alden faces an uncertain future. Manny Horvitz takes exception to a debt payment.</Overview>
  <ProductionCode></ProductionCode>
  <Rating>7.9</Rating>
  <RatingCount>87</RatingCount>
  <SeasonNumber>2</SeasonNumber>
  <Writer>Dave Flebotte</Writer>
  <absolute_number></absolute_number>
  <filename>episodes/84947/4160738.jpg</filename>
  <lastupdated>1380544411</lastupdated>
  <seasonid>469518</seasonid>
  <seriesid>84947</seriesid>
  <thumb_added></thumb_added>
  <thumb_height>225</thumb_height>
  <thumb_width>400</thumb_width>
</Episode>
<Episode>
  <id>4160740</id>
  <Combined_episodenumber>11</Combined_episodenumber>
  <Combined_season>2</Combined_season>
  <DVD_chapter></DVD_chapter>
  <DVD_discid></DVD_discid>
  <DVD_episodenumber></DVD_episodenumber>
  <DVD_season></DVD_season>
  <Director>Allen Coulter</Director>
  <EpImgFlag>2</EpImgFlag>
  <EpisodeName>Under God's Power She Flourishes</EpisodeName>
  <EpisodeNumber>11</EpisodeNumber>
  <FirstAired>2011-12-04</FirstAired>
  <GuestStars></GuestStars>
  <IMDB_ID>tt2046372</IMDB_ID>
  <Language>en</Language>
  <Overview>With Margaret pondering the consequences of sin, Nucky prepares her for a worst-case scenario as Esther Randolph plays out her trump cards. Jimmy revisits his college days with Angela and Gillian. Mickey Doyle chafes at sharing his liquor profits. Eli refuses to cop a plea. Nelson's past comes back to haunt him, tipping the scale in Nucky's favor.</Overview>
  <ProductionCode></ProductionCode>
  <Rating>7.8</Rating>
  <RatingCount>87</RatingCount>
  <SeasonNumber>2</SeasonNumber>
  <Writer>|Howard Korder|</Writer>
  <absolute_number></absolute_number>
  <filename>episodes/84947/4160740.jpg</filename>
  <lastupdated>1380544423</lastupdated>
  <seasonid>469518</seasonid>
  <seriesid>84947</seriesid>
  <thumb_added></thumb_added>
  <thumb_height>225</thumb_height>
  <thumb_width>400</thumb_width>
</Episode>
<Episode>
  <id>4160741</id>
  <Combined_episodenumber>12</Combined_episodenumber>
  <Combined_season>2</Combined_season>
  <DVD_chapter></DVD_chapter>
  <DVD_discid></DVD_discid>
  <DVD_episodenumber></DVD_episodenumber>
  <DVD_season></DVD_season>
  <Director>Tim Van Patten</Director>
  <EpImgFlag>2</EpImgFlag>
  <EpisodeName>To the Lost</EpisodeName>
  <EpisodeNumber>12</EpisodeNumber>
  <FirstAired>2011-12-11</FirstAired>
  <GuestStars></GuestStars>
  <IMDB_ID>tt2046373</IMDB_ID>
  <Language>en</Language>
  <Overview>Esther Randolph's case is weakened by the sudden death of one witness and the sudden marriage of another. Jimmy turns away from the influence of others, including his mother. Nucky, acting the family man to Margaret, faces a difficult, bottom-line business decision.</Overview>
  <ProductionCode></ProductionCode>
  <Rating>8.1</Rating>
  <RatingCount>81</RatingCount>
  <SeasonNumber>2</SeasonNumber>
  <Writer>Terence Winter</Writer>
  <absolute_number></absolute_number>
  <filename>episodes/84947/4160741.jpg</filename>
  <lastupdated>1380544442</lastupdated>
  <seasonid>469518</seasonid>
  <seriesid>84947</seriesid>
  <thumb_added></thumb_added>
  <thumb_height>225</thumb_height>
  <thumb_width>400</thumb_width>
</Episode>
<Episode>
  <id>4292736</id>
  <Combined_episodenumber>1</Combined_episodenumber>
  <Combined_season>3</Combined_season>
  <DVD_chapter></DVD_chapter>
  <DVD_discid></DVD_discid>
  <DVD_episodenumber></DVD_episodenumber>
  <DVD_season></DVD_season>
  <Director>Tim Van Patten</Director>
  <EpImgFlag>2</EpImgFlag>
  <EpisodeName>Resolution</EpisodeName>
  <EpisodeNumber>1</EpisodeNumber>
  <FirstAired>2012-09-16</FirstAired>
  <GuestStars>Bobby Cannavale|William Forsythe|Christopher McDonald|Anatol Yusef|Greg Antonacci|Meg Chambers Steedle|Stephen DeRosa|Kevin O'Rourke|Victor Verhaeghe|Arron Shiver|Patrick Kennedy|Glenn Fleshler|</GuestStars>
  <IMDB_ID>tt2303129</IMDB_ID>
  <Language>en</Language>
  <Overview>Nucky makes a resolution; Margaret considers a hospital expansion; Gillian builds a new business; Van Alden stumbles onto a confrontation.</Overview>
  <ProductionCode></ProductionCode>
  <Rating>7.9</Rating>
  <RatingCount>60</RatingCount>
  <SeasonNumber>3</SeasonNumber>
  <Writer>Terence Winter</Writer>
  <absolute_number></absolute_number>
  <filename>episodes/84947/4292736.jpg</filename>
  <lastupdated>1379316582</lastupdated>
  <seasonid>488425</seasonid>
  <seriesid>84947</seriesid>
  <thumb_added></thumb_added>
  <thumb_height>225</thumb_height>
  <thumb_width>400</thumb_width>
</Episode>
<Episode>
  <id>4357846</id>
  <Combined_episodenumber>2</Combined_episodenumber>
  <Combined_season>3</Combined_season>
  <DVD_chapter></DVD_chapter>
  <DVD_discid></DVD_discid>
  <DVD_episodenumber></DVD_episodenumber>
  <DVD_season></DVD_season>
  <Director>Alik Sakharov</Director>
  <EpImgFlag>2</EpImgFlag>
  <EpisodeName>Spaghetti &amp; Coffee</EpisodeName>
  <EpisodeNumber>2</EpisodeNumber>
  <FirstAired>2012-09-23</FirstAired>
  <GuestStars>Bobby Cannavale|Stephen Root|Eric LaRay Harvey|Meg Chambers Steedle|Patrick Kennedy|Kerry O'Malley|Glenn Fleshler|Clea Alsip|</GuestStars>
  <IMDB_ID>tt2392711</IMDB_ID>
  <Language>en</Language>
  <Overview>Nucky mixes business with pleasure in New York; Margaret's altruism is met with resistance; Gyp tries to establish a strategic foothold; Chalky and his daughter disagree about her future, Eli gets a new boss.</Overview>
  <ProductionCode></ProductionCode>
  <Rating>7.6</Rating>
  <RatingCount>60</RatingCount>
  <SeasonNumber>3</SeasonNumber>
  <Writer>Howard Korder</Writer>
  <absolute_number></absolute_number>
  <filename>episodes/84947/4357846.jpg</filename>
  <lastupdated>1379316602</lastupdated>
  <seasonid>488425</seasonid>
  <seriesid>84947</seriesid>
  <thumb_added></thumb_added>
  <thumb_height>225</thumb_height>
  <thumb_width>400</thumb_width>
</Episode>
<Episode>
  <id>4357847</id>
  <Combined_episodenumber>3</Combined_episodenumber>
  <Combined_season>3</Combined_season>
  <DVD_chapter></DVD_chapter>
  <DVD_discid></DVD_discid>
  <DVD_episodenumber></DVD_episodenumber>
  <DVD_season></DVD_season>
  <Director>Jeremy Podeswa</Director>
  <EpImgFlag>2</EpImgFlag>
  <EpisodeName>Bone for Tuna</EpisodeName>
  <EpisodeNumber>3</EpisodeNumber>
  <FirstAired>2012-09-30</FirstAired>
  <GuestStars>Bobby Cannavale|Anatol Yusef|Meg Chambers Steedle|Patrick Kennedy|Kevin O'Rourke|Victor Verhaeghe|</GuestStars>
  <IMDB_ID>tt2403479</IMDB_ID>
  <Language>en</Language>
  <Overview>Nucky reluctantly joins Margaret to receive a high honor from the church. Gyp makes a one-time deal with Nucky. Van Alden regrets trying to socialize. Margaret pitches her women's clinic. Lucky and Meyer protect their investments.</Overview>
  <ProductionCode></ProductionCode>
  <Rating>7.5</Rating>
  <RatingCount>60</RatingCount>
  <SeasonNumber>3</SeasonNumber>
  <Writer>Chris Haddock</Writer>
  <absolute_number></absolute_number>
  <filename>episodes/84947/4357847.jpg</filename>
  <lastupdated>1380526874</lastupdated>
  <seasonid>488425</seasonid>
  <seriesid>84947</seriesid>
  <thumb_added></thumb_added>
  <thumb_height>225</thumb_height>
  <thumb_width>400</thumb_width>
</Episode>
<Episode>
  <id>4357848</id>
  <Combined_episodenumber>4</Combined_episodenumber>
  <Combined_season>3</Combined_season>
  <DVD_chapter></DVD_chapter>
  <DVD_discid></DVD_discid>
  <DVD_episodenumber></DVD_episodenumber>
  <DVD_season></DVD_season>
  <Director>Kari Skogland</Director>
  <EpImgFlag>2</EpImgFlag>
  <EpisodeName>Blue Bell Boy</EpisodeName>
  <EpisodeNumber>4</EpisodeNumber>
  <FirstAired>2012-10-07</FirstAired>
  <GuestStars>Bobby Cannavale|Anatol Yusef|Nick Robinson|Patrick Kennedy|Kerry O'Malley|Ivo Nandi|Heather Lind|</GuestStars>
  <IMDB_ID>tt2394173</IMDB_ID>
  <Language>en</Language>
  <Overview>Nucky and Owen hide out. Mickey makes a critical decision in Nucky's absence. Tensions rise in the feud between Capone and O'Banion.</Overview>
  <ProductionCode></ProductionCode>
  <Rating>7.8</Rating>
  <RatingCount>61</RatingCount>
  <SeasonNumber>3</SeasonNumber>
  <Writer>David Stenn</Writer>
  <absolute_number></absolute_number>
  <filename>episodes/84947/4357848.jpg</filename>
  <lastupdated>1380526901</lastupdated>
  <seasonid>488425</seasonid>
  <seriesid>84947</seriesid>
  <thumb_added></thumb_added>
  <thumb_height>225</thumb_height>
  <thumb_width>400</thumb_width>
</Episode>
<Episode>
  <id>4357849</id>
  <Combined_episodenumber>5</Combined_episodenumber>
  <Combined_season>3</Combined_season>
  <DVD_chapter></DVD_chapter>
  <DVD_discid></DVD_discid>
  <DVD_episodenumber></DVD_episodenumber>
  <DVD_season></DVD_season>
  <Director>Tim Van Patten</Director>
  <EpImgFlag>2</EpImgFlag>
  <EpisodeName>You'd Be Surprised</EpisodeName>
  <EpisodeNumber>5</EpisodeNumber>
  <FirstAired>2012-10-14</FirstAired>
  <GuestStars>Bobby Cannavale|James Cromwell|Stephen Root|Dominic Chianese|Geoff Pierson|Anatol Yusef|Stephen DeRosa|Meg Chambers Steedle|Eric LaRay Harvey|Patrick Kennedy|Arron Shiver|</GuestStars>
  <IMDB_ID>tt2396861</IMDB_ID>
  <Language>en</Language>
  <Overview>Rothstein vents to Nucky and delivers a message to Gyp. Gaston Means sees an opportunity. Billie gets a new co-start. Van Alden and Sigrid receive an unexpected visitor. Gillian worries about her business.</Overview>
  <ProductionCode></ProductionCode>
  <Rating>7.6</Rating>
  <RatingCount>55</RatingCount>
  <SeasonNumber>3</SeasonNumber>
  <Writer>Diane Frolov|Andrew Schneider</Writer>
  <absolute_number></absolute_number>
  <filename>episodes/84947/4357849.jpg</filename>
  <lastupdated>1381225895</lastupdated>
  <seasonid>488425</seasonid>
  <seriesid>84947</seriesid>
  <thumb_added></thumb_added>
  <thumb_height>225</thumb_height>
  <thumb_width>400</thumb_width>
</Episode>
<Episode>
  <id>4357850</id>
  <Combined_episodenumber>6</Combined_episodenumber>
  <Combined_season>3</Combined_season>
  <DVD_chapter></DVD_chapter>
  <DVD_discid></DVD_discid>
  <DVD_episodenumber></DVD_episodenumber>
  <DVD_season></DVD_season>
  <Director>Ed Bianchi</Director>
  <EpImgFlag>2</EpImgFlag>
  <EpisodeName>Ging Gang Goolie</EpisodeName>
  <EpisodeNumber>6</EpisodeNumber>
  <FirstAired>2012-10-21</FirstAired>
  <GuestStars>Stephen Root|Christopher McDonald|Julianne Nicholson|Meg Chambers Steedle|Billy Magnussen|Heather Lind|Glenn Fleshler|Peter Appel|Mark Borkowski|Marc D. Donovan|Emily Dorsch|</GuestStars>
  <IMDB_ID>tt2178882</IMDB_ID>
  <Language>en</Language>
  <Overview>Nucky is detained in Washington. Margaret copes with Teddy's demons. Owen investigates a suspicious fire. Richard makes a connection with a veteran and his daughter.</Overview>
  <ProductionCode></ProductionCode>
  <Rating>7.6</Rating>
  <RatingCount>58</RatingCount>
  <SeasonNumber>3</SeasonNumber>
  <Writer>|Terence Winter|Steve Kornacki|</Writer>
  <absolute_number></absolute_number>
  <filename>episodes/84947/4357850.jpg</filename>
  <lastupdated>1381733645</lastupdated>
  <seasonid>488425</seasonid>
  <seriesid>84947</seriesid>
  <thumb_added></thumb_added>
  <thumb_height>225</thumb_height>
  <thumb_width>400</thumb_width>
</Episode>
<Episode>
  <id>4357851</id>
  <Combined_episodenumber>7</Combined_episodenumber>
  <Combined_season>3</Combined_season>
  <DVD_chapter></DVD_chapter>
  <DVD_discid></DVD_discid>
  <DVD_episodenumber></DVD_episodenumber>
  <DVD_season></DVD_season>
  <Director>Allen Coulter</Director>
  <EpImgFlag>2</EpImgFlag>
  <EpisodeName>Sunday Best</EpisodeName>
  <EpisodeNumber>7</EpisodeNumber>
  <FirstAired>2012-10-28</FirstAired>
  <GuestStars>Bobby Cannavale|Billy Magnussen|Ivo Nandi|Richard Barlow|</GuestStars>
  <IMDB_ID>tt2255126</IMDB_ID>
  <Language>en</Language>
  <Overview>Eli hopes to get back in Nucky's good graces. Gillian tries to improve her future. Gyp asks for a blessing in New York.</Overview>
  <ProductionCode></ProductionCode>
  <Rating>7.6</Rating>
  <RatingCount>54</RatingCount>
  <SeasonNumber>3</SeasonNumber>
  <Writer>Howard Korder</Writer>
  <absolute_number></absolute_number>
  <filename>episodes/84947/4357851.jpg</filename>
  <lastupdated>1375073467</lastupdated>
  <seasonid>488425</seasonid>
  <seriesid>84947</seriesid>
  <thumb_added></thumb_added>
  <thumb_height>225</thumb_height>
  <thumb_width>400</thumb_width>
</Episode>
<Episode>
  <id>4357852</id>
  <Combined_episodenumber>8</Combined_episodenumber>
  <Combined_season>3</Combined_season>
  <DVD_chapter></DVD_chapter>
  <DVD_discid></DVD_discid>
  <DVD_episodenumber></DVD_episodenumber>
  <DVD_season></DVD_season>
  <Director>Tim Van Patten</Director>
  <EpImgFlag>2</EpImgFlag>
  <EpisodeName>The Pony</EpisodeName>
  <EpisodeNumber>8</EpisodeNumber>
  <FirstAired>2012-11-04</FirstAired>
  <GuestStars>Bobby Cannavale|Stephen Root|Dominic Chianese|Julianne Nicholson|James Cromwell|Greg Antonacci|Meg Chambers Steedle|Patrick Kennedy|Arron Shiver|Kerry O'Malley|Clarke Thorell|Clea Alsip|John Harrington Bland|Allen Lewis Rickman|</GuestStars>
  <IMDB_ID>tt2261312</IMDB_ID>
  <Language>en</Language>
  <Overview>Gillian makes her peace with Jimmy's death. Van Alden attends a meeting with Capone and Torrio. Nucky makes an offer to Andrew Mellon. Margaret makes a stand on birth control. Nucky and Owen shop for a pony. Billie considers a future in film.</Overview>
  <ProductionCode></ProductionCode>
  <Rating>7.8</Rating>
  <RatingCount>56</RatingCount>
  <SeasonNumber>3</SeasonNumber>
  <Writer>|Terence Winter|Howard Korder|</Writer>
  <absolute_number></absolute_number>
  <filename>episodes/84947/4357852.jpg</filename>
  <lastupdated>1375073449</lastupdated>
  <seasonid>488425</seasonid>
  <seriesid>84947</seriesid>
  <thumb_added></thumb_added>
  <thumb_height>225</thumb_height>
  <thumb_width>400</thumb_width>
</Episode>
<Episode>
  <id>4357853</id>
  <Combined_episodenumber>9</Combined_episodenumber>
  <Combined_season>3</Combined_season>
  <DVD_chapter></DVD_chapter>
  <DVD_discid></DVD_discid>
  <DVD_episodenumber></DVD_episodenumber>
  <DVD_season></DVD_season>
  <Director>Ed Bianchi</Director>
  <EpImgFlag>2</EpImgFlag>
  <EpisodeName>The Milkmaid's Lot</EpisodeName>
  <EpisodeNumber>9</EpisodeNumber>
  <FirstAired>2012-11-11</FirstAired>
  <GuestStars></GuestStars>
  <IMDB_ID>tt2261314</IMDB_ID>
  <Language>en</Language>
  <Overview>Nucky vows to eliminate his nemesis. A high-profile bootlegger is arrested. Emily's birthday party is scaled down. Gillian blames Harrow for Tommy's trouble. Gyp decides to buy a town's silence.</Overview>
  <ProductionCode></ProductionCode>
  <Rating>7.7</Rating>
  <RatingCount>54</RatingCount>
  <SeasonNumber>3</SeasonNumber>
  <Writer>Rolin Jones</Writer>
  <absolute_number></absolute_number>
  <filename>episodes/84947/4357853.jpg</filename>
  <lastupdated>1375073486</lastupdated>
  <seasonid>488425</seasonid>
  <seriesid>84947</seriesid>
  <thumb_added></thumb_added>
  <thumb_height>225</thumb_height>
  <thumb_width>400</thumb_width>
</Episode>
<Episode>
  <id>4357854</id>
  <Combined_episodenumber>10</Combined_episodenumber>
  <Combined_season>3</Combined_season>
  <DVD_chapter></DVD_chapter>
  <DVD_discid></DVD_discid>
  <DVD_episodenumber></DVD_episodenumber>
  <DVD_season></DVD_season>
  <Director>Jeremy Podeswa</Director>
  <EpImgFlag>2</EpImgFlag>
  <EpisodeName>A Man, a Plan...</EpisodeName>
  <EpisodeNumber>10</EpisodeNumber>
  <FirstAired>2012-11-18</FirstAired>
  <GuestStars>Patrick Kennedy|Sean LeeRoy Kraemer|Bobby Cannavale|</GuestStars>
  <IMDB_ID>tt2261316</IMDB_ID>
  <Language>en</Language>
  <Overview>Nucky tries to keep Jess Smith quiet and neutralize Gyp's alliance with Joe Masseria. Margaret considers an alternate future. Van Alden's side business backfires. Gyp's shipment is short. Chalky sees an opportunity.</Overview>
  <ProductionCode></ProductionCode>
  <Rating>7.6</Rating>
  <RatingCount>54</RatingCount>
  <SeasonNumber>3</SeasonNumber>
  <Writer>Dave Flebotte</Writer>
  <absolute_number></absolute_number>
  <filename>episodes/84947/4357854.jpg</filename>
  <lastupdated>1375073502</lastupdated>
  <seasonid>488425</seasonid>
  <seriesid>84947</seriesid>
  <thumb_added></thumb_added>
  <thumb_height>225</thumb_height>
  <thumb_width>400</thumb_width>
</Episode>
<Episode>
  <id>4357855</id>
  <Combined_episodenumber>11</Combined_episodenumber>
  <Combined_season>3</Combined_season>
  <DVD_chapter></DVD_chapter>
  <DVD_discid></DVD_discid>
  <DVD_episodenumber></DVD_episodenumber>
  <DVD_season></DVD_season>
  <Director>Allen Coulter</Director>
  <EpImgFlag>2</EpImgFlag>
  <EpisodeName>Two Imposters</EpisodeName>
  <EpisodeNumber>11</EpisodeNumber>
  <FirstAired>2012-11-25</FirstAired>
  <GuestStars></GuestStars>
  <IMDB_ID></IMDB_ID>
  <Language>en</Language>
  <Overview>Gyp makes his move in Atlantic City, forcing Nucky and Eddie to seek refuge with Chalky. With the Artemis Club overrun by Rosetti thugs, Gillian contemplates a business future that includes an unwelcome partner. Luciano makes a deal he’ll come to regret. Harrow loses his house privileges.</Overview>
  <ProductionCode></ProductionCode>
  <Rating>8.1</Rating>
  <RatingCount>66</RatingCount>
  <SeasonNumber>3</SeasonNumber>
  <Writer>Howard Korder</Writer>
  <absolute_number></absolute_number>
  <filename>episodes/84947/4357855.jpg</filename>
  <lastupdated>1375073524</lastupdated>
  <seasonid>488425</seasonid>
  <seriesid>84947</seriesid>
  <thumb_added></thumb_added>
  <thumb_height>225</thumb_height>
  <thumb_width>400</thumb_width>
</Episode>
<Episode>
  <id>4357856</id>
  <Combined_episodenumber>12</Combined_episodenumber>
  <Combined_season>3</Combined_season>
  <DVD_chapter></DVD_chapter>
  <DVD_discid></DVD_discid>
  <DVD_episodenumber></DVD_episodenumber>
  <DVD_season></DVD_season>
  <Director>Tim Van Patten</Director>
  <EpImgFlag>2</EpImgFlag>
  <EpisodeName>Margate Sands</EpisodeName>
  <EpisodeNumber>12</EpisodeNumber>
  <FirstAired>2012-12-02</FirstAired>
  <GuestStars></GuestStars>
  <IMDB_ID>tt2261328</IMDB_ID>
  <Language>en</Language>
  <Overview>A gang war erupts in Atlantic City, with Gyp and nine men of his own and 40 of Joe Masseria's against Nucky, Eli, Capone's Chicago crew, and Chalky's men. Gyp's holed up at Gillian's; Nucky at a lumber yard. It's a war of attrition, with Nucky having to keep Capone and Chalky's men from killing each other while he negotiates with Rothstein by phone. Rothstein runs his own game with Luciano, Lansky, and heroin, Margaret calls on an older couple, and Richard is out there somewhere focused on protecting Tommy.</Overview>
  <ProductionCode></ProductionCode>
  <Rating>8.2</Rating>
  <RatingCount>57</RatingCount>
  <SeasonNumber>3</SeasonNumber>
  <Writer>Terence Winter</Writer>
  <absolute_number></absolute_number>
  <filename>episodes/84947/4357856.jpg</filename>
  <lastupdated>1380545965</lastupdated>
  <seasonid>488425</seasonid>
  <seriesid>84947</seriesid>
  <thumb_added></thumb_added>
  <thumb_height>225</thumb_height>
  <thumb_width>400</thumb_width>
</Episode>
<Episode>
  <id>4596908</id>
  <Combined_episodenumber>1</Combined_episodenumber>
  <Combined_season>4</Combined_season>
  <DVD_chapter></DVD_chapter>
  <DVD_discid></DVD_discid>
  <DVD_episodenumber></DVD_episodenumber>
  <DVD_season></DVD_season>
  <Director>Timothy Van Patten</Director>
  <EpImgFlag>2</EpImgFlag>
  <EpisodeName>New York Sour</EpisodeName>
  <EpisodeNumber>1</EpisodeNumber>
  <FirstAired>2013-09-08</FirstAired>
  <GuestStars></GuestStars>
  <IMDB_ID>tt2483070</IMDB_ID>
  <Language>en</Language>
  <Overview>Following his battle with Gyp Rosetti, Nucky makes a peace offering to Joe Masseria while working the odds with Arnold Rothstein. While Chalky is busy running the Onyx Club on the Boardwalk, the impulsive Dunn Purnsley clashes with a booking agent. Fresh-faced Federal Agent Warren Knox arrives in Atlantic City to learn the ropes from Agent Sawicki. Gillian seeks custody of her grandson, Tommy, while trying to find a “good” man to keep the Artemis Club afloat. Eli’s college-age son, Willie, turns to Nucky for career advice. Al Capone enlists his brothers, Frank and Ralph, to help him expand his business in the Chicago suburb of Cicero. Richard Harrow returns to his violent ways.</Overview>
  <ProductionCode></ProductionCode>
  <Rating>7.8</Rating>
  <RatingCount>32</RatingCount>
  <SeasonNumber>4</SeasonNumber>
  <Writer>Howard Korder</Writer>
  <absolute_number>38</absolute_number>
  <filename>episodes/84947/4596908.jpg</filename>
  <lastupdated>1378771946</lastupdated>
  <seasonid>523038</seasonid>
  <seriesid>84947</seriesid>
  <thumb_added>2013-09-05 11:48:17</thumb_added>
  <thumb_height>225</thumb_height>
  <thumb_width>400</thumb_width>
</Episode>
<Episode>
  <id>4611480</id>
  <Combined_episodenumber>2</Combined_episodenumber>
  <Combined_season>4</Combined_season>
  <DVD_chapter></DVD_chapter>
  <DVD_discid></DVD_discid>
  <DVD_episodenumber></DVD_episodenumber>
  <DVD_season></DVD_season>
  <Director></Director>
  <EpImgFlag>2</EpImgFlag>
  <EpisodeName>Resignation</EpisodeName>
  <EpisodeNumber>2</EpisodeNumber>
  <FirstAired>2013-09-15</FirstAired>
  <GuestStars></GuestStars>
  <IMDB_ID></IMDB_ID>
  <Language>en</Language>
  <Overview>Now working as a “delivery man” for Dean O’Banion, Van Alden is ordered to keep tabs on Al Capone, joining the ascendant mobster to help keep Cicero voters “informed” at a political rally. Dr. Valentin Narcisse arrives in Atlantic City, clashing with Chalky and Nucky over the loss of an employee. In Washington, Agent Knox aligns himself with J. Edgar Hoover, acting director of the Bureau of Investigation. Harrow fails to finish a job in Milwaukee, while Eddie demands a promotion after 11 years of service. With a business opportunity on the horizon, Nucky departs for Florida.</Overview>
  <ProductionCode></ProductionCode>
  <Rating>7.7</Rating>
  <RatingCount>22</RatingCount>
  <SeasonNumber>4</SeasonNumber>
  <Writer></Writer>
  <absolute_number></absolute_number>
  <filename>episodes/84947/4611480.jpg</filename>
  <lastupdated>1379591993</lastupdated>
  <seasonid>523038</seasonid>
  <seriesid>84947</seriesid>
  <thumb_added>2013-09-16 01:05:09</thumb_added>
  <thumb_height>225</thumb_height>
  <thumb_width>400</thumb_width>
</Episode>
<Episode>
  <id>4611481</id>
  <Combined_episodenumber>3</Combined_episodenumber>
  <Combined_season>4</Combined_season>
  <DVD_chapter></DVD_chapter>
  <DVD_discid></DVD_discid>
  <DVD_episodenumber></DVD_episodenumber>
  <DVD_season></DVD_season>
  <Director></Director>
  <EpImgFlag>2</EpImgFlag>
  <EpisodeName>Acres of Diamonds</EpisodeName>
  <EpisodeNumber>3</EpisodeNumber>
  <FirstAired>2013-09-22</FirstAired>
  <GuestStars></GuestStars>
  <IMDB_ID></IMDB_ID>
  <Language>en</Language>
  <Overview>Nucky has reservations about investing in a Tampa land deal engineered by transplanted bootlegger Bill McCoy. While there, he meets speakeasy owner Sally Wheet. Valentin Narcisse books a sexy jazz singer, Daughter Maitland, to perform at the Onyx, and gauges Dunn Purnsley’s allegiance to Chalky. Willie, Eli’s son, turns to Mickey Doyle and his bootleg warehouse to elevate his social standing at college. Gillian agrees to pose as Roy Phillips’ wife to impress a possible partner. Harrow tries to bury his past, though not before taking care of some unfinished business with Emma.</Overview>
  <ProductionCode></ProductionCode>
  <Rating>7.8</Rating>
  <RatingCount>23</RatingCount>
  <SeasonNumber>4</SeasonNumber>
  <Writer></Writer>
  <absolute_number></absolute_number>
  <filename>episodes/84947/4611481.jpg</filename>
  <lastupdated>1380491258</lastupdated>
  <seasonid>523038</seasonid>
  <seriesid>84947</seriesid>
  <thumb_added>2013-09-22 21:23:50</thumb_added>
  <thumb_height>225</thumb_height>
  <thumb_width>400</thumb_width>
</Episode>
<Episode>
  <id>4611482</id>
  <Combined_episodenumber>4</Combined_episodenumber>
  <Combined_season>4</Combined_season>
  <DVD_chapter></DVD_chapter>
  <DVD_discid></DVD_discid>
  <DVD_episodenumber></DVD_episodenumber>
  <DVD_season></DVD_season>
  <Director></Director>
  <EpImgFlag>2</EpImgFlag>
  <EpisodeName>All In</EpisodeName>
  <EpisodeNumber>4</EpisodeNumber>
  <FirstAired>2013-09-29</FirstAired>
  <GuestStars></GuestStars>
  <IMDB_ID></IMDB_ID>
  <Language>en</Language>
  <Overview>Nucky gets to know Arnold Rothstein over a card game, and sizes up an unexpected partner for his Tampa land deal. A newly promoted Eddie Kessler gets detoured after making a train-station delivery. When one of their collectors is incapacitated, Al and Frank Capone decide to finish his route, enlisting a reluctant Van Alden to tag along. Agent Knox fills Hoover in on the Thompson operation, vowing to exploit Nucky's weakest link. Chalky is intrigued by Daughter Maitland’s presence. Dunn Purnsley goes to Harlem, and is courted by Valentin Narcisse. Willie and his college roommate, Clayton, carry a practical joke too far.</Overview>
  <ProductionCode></ProductionCode>
  <Rating>7.9</Rating>
  <RatingCount>20</RatingCount>
  <SeasonNumber>4</SeasonNumber>
  <Writer></Writer>
  <absolute_number></absolute_number>
  <filename>episodes/84947/4611482.jpg</filename>
  <lastupdated>1380728405</lastupdated>
  <seasonid>523038</seasonid>
  <seriesid>84947</seriesid>
  <thumb_added>2013-09-29 22:40:51</thumb_added>
  <thumb_height>225</thumb_height>
  <thumb_width>400</thumb_width>
</Episode>
<Episode>
  <id>4611483</id>
  <Combined_episodenumber>5</Combined_episodenumber>
  <Combined_season>4</Combined_season>
  <DVD_chapter></DVD_chapter>
  <DVD_discid></DVD_discid>
  <DVD_episodenumber></DVD_episodenumber>
  <DVD_season></DVD_season>
  <Director>Tim Van Patten</Director>
  <EpImgFlag>2</EpImgFlag>
  <EpisodeName>Erlkönig</EpisodeName>
  <EpisodeNumber>5</EpisodeNumber>
  <FirstAired>2013-10-06</FirstAired>
  <GuestStars></GuestStars>
  <IMDB_ID></IMDB_ID>
  <Language>en</Language>
  <Overview>Nucky heads to Philadelphia to deal with the fallout from Willie’s liquor fiasco. Eddie Kessler is detained by Agent Knox, who uses physical and psychological tactics to elicit information about Nucky’s organization. A desperate Gillian turns to an unexpected source to score a fix, and is rebuffed in her attempt to reunite with Tommy. In Cicero, Van Alden is recruited by the Capones to pay an election-day visit to local factory workers opposed to the Capones’ candidate of choice.</Overview>
  <ProductionCode></ProductionCode>
  <Rating>7.9</Rating>
  <RatingCount>17</RatingCount>
  <SeasonNumber>4</SeasonNumber>
  <Writer>Howard Korder</Writer>
  <absolute_number></absolute_number>
  <filename>episodes/84947/4611483.jpg</filename>
  <lastupdated>1381149078</lastupdated>
  <seasonid>523038</seasonid>
  <seriesid>84947</seriesid>
  <thumb_added>2013-10-07 05:31:18</thumb_added>
  <thumb_height>225</thumb_height>
  <thumb_width>400</thumb_width>
</Episode>
<Episode>
  <id>4611484</id>
  <Combined_episodenumber>6</Combined_episodenumber>
  <Combined_season>4</Combined_season>
  <DVD_chapter></DVD_chapter>
  <DVD_discid></DVD_discid>
  <DVD_episodenumber></DVD_episodenumber>
  <DVD_season></DVD_season>
  <Director>Allen Coulter</Director>
  <EpImgFlag>2</EpImgFlag>
  <EpisodeName>The North Star</EpisodeName>
  <EpisodeNumber>6</EpisodeNumber>
  <FirstAired>2013-10-13</FirstAired>
  <GuestStars></GuestStars>
  <IMDB_ID></IMDB_ID>
  <Language>en</Language>
  <Overview>After a cautious reunion with Margaret in New York City, Nucky heads to Tampa to work out details of his land deal with Bill McCoy. While there, he reconnects with Sally Wheet. Richard Harrow returns to Atlantic City and makes a confession to an ailing Paul Sagorsky, who encourages him to get over the past and return to Julia and Tommy. Having lost J. Edgar Hoover’s confidence, Agent Knox finds a new way to gain Eli’s trust. Meyer Lansky decides to go it alone on the Tampa land deal when Lucky Luciano gets spooked by an investor, Vincenzo Petrucelli, who has ties to Joe Masseria in New York. Chalky takes his frustrations out on Daughter Maitland.</Overview>
  <ProductionCode></ProductionCode>
  <Rating>7.3</Rating>
  <RatingCount>11</RatingCount>
  <SeasonNumber>4</SeasonNumber>
  <Writer>Eric Overmyer|Howard Korder</Writer>
  <absolute_number></absolute_number>
  <filename>episodes/84947/4611484.jpg</filename>
  <lastupdated>1381735712</lastupdated>
  <seasonid>523038</seasonid>
  <seriesid>84947</seriesid>
  <thumb_added>2013-10-14 00:32:49</thumb_added>
  <thumb_height>225</thumb_height>
  <thumb_width>400</thumb_width>
</Episode>
<Episode>
  <id>4611485</id>
  <Combined_episodenumber>7</Combined_episodenumber>
  <Combined_season>4</Combined_season>
  <DVD_chapter></DVD_chapter>
  <DVD_discid></DVD_discid>
  <DVD_episodenumber></DVD_episodenumber>
  <DVD_season></DVD_season>
  <Director></Director>
  <EpImgFlag></EpImgFlag>
  <EpisodeName>William Wilson</EpisodeName>
  <EpisodeNumber>7</EpisodeNumber>
  <FirstAired>2013-10-20</FirstAired>
  <GuestStars></GuestStars>
  <IMDB_ID></IMDB_ID>
  <Language>en</Language>
  <Overview>Eli confronts Nucky after Willie makes an unpopular decision. Margaret has a surprise encounter at her job on Wall Street. Joe Masseria orders Lucky Luciano to return to Tampa and deal with Vincenzo Petrucelli. Gillian goes cold turkey, with Roy Phillips’ help. Still seething over his brother’s death, Al Capone tries to get Johnny Torrio to turn on rival gangster Dean O’Banion. As Chalky White and Daughter Maitland’s relationship deepens, Valentin Narcisse exerts his control over Dunn Purnsley and the Northside.</Overview>
  <ProductionCode></ProductionCode>
  <Rating></Rating>
  <RatingCount>0</RatingCount>
  <SeasonNumber>4</SeasonNumber>
  <Writer></Writer>
  <absolute_number></absolute_number>
  <filename></filename>
  <lastupdated>1380923692</lastupdated>
  <seasonid>523038</seasonid>
  <seriesid>84947</seriesid>
  <thumb_added></thumb_added>
  <thumb_height></thumb_height>
  <thumb_width></thumb_width>
</Episode>
<Episode>
  <id>4611486</id>
  <Combined_episodenumber>8</Combined_episodenumber>
  <Combined_season>4</Combined_season>
  <DVD_chapter></DVD_chapter>
  <DVD_discid></DVD_discid>
  <DVD_episodenumber></DVD_episodenumber>
  <DVD_season></DVD_season>
  <Director></Director>
  <EpImgFlag></EpImgFlag>
  <EpisodeName>The Old Ship of Zion</EpisodeName>
  <EpisodeNumber>8</EpisodeNumber>
  <FirstAired>2013-10-27</FirstAired>
  <GuestStars></GuestStars>
  <IMDB_ID></IMDB_ID>
  <Language>en</Language>
  <Overview>Nucky’s shipment from Florida arrives with some unexpected cargo. Eli is backed into a corner after Agent Knox uncovers some new dirt on the Thompsons. After talking things over with Nucky, Willie reconsiders his recent life choices. Chalky throws down the gauntlet toward Valentin Narcisse, upholding his leadership on the Northside.</Overview>
  <ProductionCode></ProductionCode>
  <Rating></Rating>
  <RatingCount>0</RatingCount>
  <SeasonNumber>4</SeasonNumber>
  <Writer></Writer>
  <absolute_number></absolute_number>
  <filename></filename>
  <lastupdated>1380923670</lastupdated>
  <seasonid>523038</seasonid>
  <seriesid>84947</seriesid>
  <thumb_added></thumb_added>
  <thumb_height></thumb_height>
  <thumb_width></thumb_width>
</Episode>
<Episode>
  <id>4611487</id>
  <Combined_episodenumber>9</Combined_episodenumber>
  <Combined_season>4</Combined_season>
  <DVD_chapter></DVD_chapter>
  <DVD_discid></DVD_discid>
  <DVD_episodenumber></DVD_episodenumber>
  <DVD_season></DVD_season>
  <Director></Director>
  <EpImgFlag></EpImgFlag>
  <EpisodeName>Marriage and Hunting</EpisodeName>
  <EpisodeNumber>9</EpisodeNumber>
  <FirstAired>2013-11-03</FirstAired>
  <GuestStars></GuestStars>
  <IMDB_ID></IMDB_ID>
  <Language>en</Language>
  <Overview></Overview>
  <ProductionCode></ProductionCode>
  <Rating></Rating>
  <RatingCount>0</RatingCount>
  <SeasonNumber>4</SeasonNumber>
  <Writer></Writer>
  <absolute_number></absolute_number>
  <filename></filename>
  <lastupdated>1379336879</lastupdated>
  <seasonid>523038</seasonid>
  <seriesid>84947</seriesid>
  <thumb_added></thumb_added>
  <thumb_height></thumb_height>
  <thumb_width></thumb_width>
</Episode>
<Episode>
  <id>4611488</id>
  <Combined_episodenumber>10</Combined_episodenumber>
  <Combined_season>4</Combined_season>
  <DVD_chapter></DVD_chapter>
  <DVD_discid></DVD_discid>
  <DVD_episodenumber></DVD_episodenumber>
  <DVD_season></DVD_season>
  <Director></Director>
  <EpImgFlag></EpImgFlag>
  <EpisodeName>White Horse Pike</EpisodeName>
  <EpisodeNumber>10</EpisodeNumber>
  <FirstAired>2013-11-10</FirstAired>
  <GuestStars></GuestStars>
  <IMDB_ID></IMDB_ID>
  <Language>en</Language>
  <Overview></Overview>
  <ProductionCode></ProductionCode>
  <Rating></Rating>
  <RatingCount>0</RatingCount>
  <SeasonNumber>4</SeasonNumber>
  <Writer></Writer>
  <absolute_number></absolute_number>
  <filename></filename>
  <lastupdated>1379336898</lastupdated>
  <seasonid>523038</seasonid>
  <seriesid>84947</seriesid>
  <thumb_added></thumb_added>
  <thumb_height></thumb_height>
  <thumb_width></thumb_width>
</Episode>
<Episode>
  <id>4611489</id>
  <Combined_episodenumber>11</Combined_episodenumber>
  <Combined_season>4</Combined_season>
  <DVD_chapter></DVD_chapter>
  <DVD_discid></DVD_discid>
  <DVD_episodenumber></DVD_episodenumber>
  <DVD_season></DVD_season>
  <Director></Director>
  <EpImgFlag></EpImgFlag>
  <EpisodeName>Havre De Grace</EpisodeName>
  <EpisodeNumber>11</EpisodeNumber>
  <FirstAired>2013-11-17</FirstAired>
  <GuestStars></GuestStars>
  <IMDB_ID></IMDB_ID>
  <Language>en</Language>
  <Overview></Overview>
  <ProductionCode></ProductionCode>
  <Rating></Rating>
  <RatingCount>0</RatingCount>
  <SeasonNumber>4</SeasonNumber>
  <Writer></Writer>
  <absolute_number></absolute_number>
  <filename></filename>
  <lastupdated>1380923587</lastupdated>
  <seasonid>523038</seasonid>
  <seriesid>84947</seriesid>
  <thumb_added></thumb_added>
  <thumb_height></thumb_height>
  <thumb_width></thumb_width>
</Episode>
<Episode>
  <id>4611490</id>
  <Combined_episodenumber>12</Combined_episodenumber>
  <Combined_season>4</Combined_season>
  <DVD_chapter></DVD_chapter>
  <DVD_discid></DVD_discid>
  <DVD_episodenumber></DVD_episodenumber>
  <DVD_season></DVD_season>
  <Director></Director>
  <EpImgFlag></EpImgFlag>
  <EpisodeName>TBA</EpisodeName>
  <EpisodeNumber>12</EpisodeNumber>
  <FirstAired>2013-11-24</FirstAired>
  <GuestStars></GuestStars>
  <IMDB_ID></IMDB_ID>
  <Language>en</Language>
  <Overview></Overview>
  <ProductionCode></ProductionCode>
  <Rating></Rating>
  <RatingCount>0</RatingCount>
  <SeasonNumber>4</SeasonNumber>
  <Writer></Writer>
  <absolute_number></absolute_number>
  <filename></filename>
  <lastupdated>1380923651</lastupdated>
  <seasonid>523038</seasonid>
  <seriesid>84947</seriesid>
  <thumb_added></thumb_added>
  <thumb_height></thumb_height>
  <thumb_width></thumb_width>
</Episode>
</Data>